t,gas_price,power_price,chp.bin,chp.gas,chp.power,chp.heat,chp.natural_gas,chp.hydrogen,electrical_grid.overall_power,electrical_grid.supply_power,electrical_grid.feedin_power,battery_storage.power_balance,battery_storage.charging_power,battery_storage.discharging_power,battery_storage.energy_content,battery_storage.discharge_bin,battery_storage.charge_bin,battery_storage.switch_bin,pv.power,electrolyzer.bin,electrolyzer.hydrogen,electrolyzer.power,electrolyzer.water,electrolyzer.heat,hydrogen_grid.overall_hydrogen,hydrogen_grid.supply_hydrogen,hydrogen_grid.feedin_hydrogen,ngas_grid.overall_ngas,heatpump.bin,heatpump.power,heatpump.heat_output,heatpump.heat_input,heatgrid.overall_heat,heatgrid.supply_heat,heatgrid.feedin_heat,arc01_expanded.power,arc02_expanded.power,arc03_expanded.power,arc04_expanded.power,arc05_expanded.power,arc12_expanded.heat,arc13_expanded.heat,arc14_expanded.power
1,70.037,114.12,-0.0,0.0,-0.0,0.0,0.0,0.0,200.0,200.0,0.0,-100.0,100.0,0.0,100.0,0.0,1.0,0.0,0.0,1.0,37.45702567804232,73.15450979197236,11241.604345150756,26.84549020802764,-37.45702567804232,0.0,37.45702567804232,0.0,1.0,26.84549020802764,80.53647062408292,26.84549020802764,-80.53647062408292,0.0,80.53647062408292,0.0,0.0,0.0,100.0,73.15450979197236,80.53647062408292,0.0,26.84549020802764
2,70.037,113.79,0.0,0.0,0.0,0.0,0.0,0.0,200.0,200.0,0.0,-100.0,100.0,0.0,200.0,0.0,1.0,-0.0,0.0,1.0,37.45702567804232,73.15450979197236,11241.604345150756,26.84549020802764,-37.45702567804232,0.0,37.45702567804232,0.0,1.0,26.84549020802764,80.53647062408292,26.84549020802764,-80.53647062408292,0.0,80.53647062408292,0.0,0.0,0.0,100.0,73.15450979197236,80.53647062408292,0.0,26.84549020802764
3,70.037,113.79,0.0,0.0,0.0,0.0,0.0,0.0,200.0,200.0,0.0,-100.0,100.0,0.0,300.0,0.0,1.0,-0.0,0.0,1.0,37.45702567804232,73.15450979197236,11241.604345150756,26.84549020802764,-37.45702567804232,0.0,37.45702567804232,0.0,1.0,26.84549020802764,80.53647062408292,26.84549020802764,-80.53647062408292,0.0,80.53647062408292,0.0,0.0,0.0,100.0,73.15450979197236,80.53647062408292,0.0,26.84549020802764
4,70.037,111.79,-0.0,0.0,-0.0,0.0,0.0,0.0,200.0,200.0,0.0,-100.0,100.0,0.0,400.0,0.0,1.0,-0.0,0.0,1.0,37.45702567804232,73.15450979197236,11241.604345150756,26.84549020802764,-37.45702567804232,0.0,37.45702567804232,0.0,1.0,26.84549020802764,80.53647062408292,26.84549020802764,-80.53647062408292,0.0,80.53647062408292,0.0,0.0,0.0,100.0,73.15450979197236,80.53647062408292,0.0,26.84549020802764
5,70.037,111.78,0.0,0.0,0.0,0.0,0.0,0.0,200.0,200.0,0.0,-100.0,100.0,0.0,500.0,0.0,1.0,-0.0,0.0,1.0,37.45702567804232,73.15450979197236,11241.604345150756,26.84549020802764,-37.45702567804232,0.0,37.45702567804232,0.0,1.0,26.84549020802764,80.53647062408292,26.84549020802764,-80.53647062408292,0.0,80.53647062408292,0.0,0.0,0.0,100.0,73.15450979197236,80.53647062408292,0.0,26.84549020802764
6,70.037,111.78,0.0,0.0,0.0,0.0,0.0,0.0,200.0,200.0,0.0,-100.0,100.0,0.0,600.0,0.0,1.0,-0.0,0.0,1.0,37.45702567804232,73.15450979197236,11241.604345150756,26.84549020802764,-37.45702567804232,0.0,37.45702567804232,0.0,1.0,26.84549020802764,80.53647062408292,26.84549020802764,-80.53647062408292,0.0,80.53647062408292,0.0,0.0,0.0,100.0,73.15450979197236,80.53647062408292,0.0,26.84549020802764
7,70.037,111.78,-0.0,0.0,-0.0,0.0,0.0,0.0,200.0,200.0,0.0,-100.0,100.0,0.0,700.0,0.0,1.0,-0.0,0.0,1.0,37.45702567804232,73.15450979197236,11241.604345150756,26.84549020802764,-37.45702567804232,0.0,37.45702567804232,0.0,1.0,26.84549020802764,80.53647062408292,26.84549020802764,-80.53647062408292,0.0,80.53647062408292,0.0,0.0,0.0,100.0,73.15450979197236,80.53647062408292,0.0,26.84549020802764
8,70.037,111.78,0.0,0.0,0.0,0.0,0.0,0.0,200.0,200.0,0.0,-100.0,100.0,0.0,800.0,0.0,1.0,-0.0,0.0,1.0,37.45702567804232,73.15450979197236,11241.604345150756,26.84549020802764,-37.45702567804232,0.0,37.45702567804232,0.0,1.0,26.84549020802764,80.53647062408292,26.84549020802764,-80.53647062408292,0.0,80.53647062408292,0.0,0.0,0.0,100.0,73.15450979197236,80.53647062408292,0.0,26.84549020802764
9,70.037,151.32,-0.0,0.0,-0.0,0.0,0.0,0.0,-100.19796,0.0,100.19796,100.0,0.0,100.0,700.0,1.0,-0.0,1.0,0.19796,0.0,0.0,0.0,0.0,0.0,0.0,0.0,0.0,0.0,-0.0,0.0,0.0,0.0,0.0,0.0,0.0,0.0,0.19796,100.0,0.0,0.0,0.0,0.0,0.0
10,70.037,151.32,0.0,0.0,0.0,0.0,0.0,0.0,-100.49784,0.0,100.49784,100.0,0.0,100.0,600.0,1.0,-0.0,-0.0,0.49784,0.0,0.0,0.0,0.0,0.0,0.0,0.0,0.0,0.0,-0.0,0.0,0.0,0.0,0.0,0.0,0.0,0.0,0.49784,100.0,0.0,0.0,0.0,0.0,0.0
11,70.037,148.86,-0.0,0.0,-0.0,0.0,0.0,0.0,-0.25088,0.0,0.25088,0.0,0.0,0.0,600.0,1.0,-0.0,-0.0,0.25088,0.0,0.0,0.0,0.0,0.0,0.0,0.0,0.0,0.0,-0.0,0.0,0.0,0.0,0.0,0.0,0.0,0.0,0.25088,0.0,0.0,0.0,0.0,0.0,0.0
12,70.037,148.86,0.0,0.0,0.0,0.0,0.0,0.0,0.0,0.0,0.0,0.0,0.0,0.0,600.0,1.0,-0.0,-0.0,0.0,0.0,0.0,0.0,0.0,0.0,0.0,0.0,0.0,0.0,-0.0,0.0,0.0,0.0,0.0,0.0,0.0,0.0,0.0,0.0,0.0,0.0,0.0,0.0,0.0
13,70.037,148.86,0.0,0.0,0.0,0.0,0.0,0.0,0.0,0.0,0.0,0.0,0.0,0.0,600.0,1.0,-0.0,-0.0,0.0,0.0,0.0,0.0,0.0,0.0,0.0,0.0,0.0,0.0,-0.0,0.0,0.0,0.0,0.0,0.0,0.0,0.0,0.0,0.0,0.0,0.0,0.0,0.0,0.0
14,70.037,148.86,0.0,0.0,0.0,0.0,0.0,0.0,0.0,0.0,0.0,0.0,0.0,0.0,600.0,1.0,-0.0,-0.0,0.0,0.0,0.0,0.0,0.0,0.0,0.0,0.0,0.0,0.0,-0.0,0.0,0.0,0.0,0.0,0.0,0.0,0.0,0.0,0.0,0.0,0.0,0.0,0.0,0.0
15,70.037,151.32,0.0,0.0,0.0,0.0,0.0,0.0,-100.0,0.0,100.0,100.0,0.0,100.0,500.0,1.0,-0.0,-0.0,0.0,0.0,0.0,0.0,0.0,0.0,0.0,0.0,0.0,0.0,-0.0,0.0,0.0,0.0,0.0,0.0,0.0,0.0,0.0,100.0,0.0,0.0,0.0,0.0,0.0
16,70.037,174.05,-0.0,0.0,-0.0,0.0,0.0,0.0,-100.0,0.0,100.0,100.0,0.0,100.0,400.0,1.0,-0.0,-0.0,0.0,0.0,0.0,0.0,0.0,0.0,0.0,0.0,0.0,0.0,-0.0,0.0,0.0,0.0,0.0,0.0,0.0,0.0,0.0,100.0,0.0,0.0,0.0,0.0,0.0
17,70.037,208.02,1.0,175.0,60.0,80.0,140.0,35.0,-160.0,0.0,160.0,100.0,0.0,100.0,300.0,1.0,-0.0,-0.0,0.0,0.0,0.0,0.0,0.0,0.0,35.0,35.0,0.0,140.0,-0.0,0.0,0.0,0.0,-80.0,0.0,80.0,60.0,0.0,100.0,0.0,0.0,0.0,80.0,0.0
18,70.037,208.02,1.0,175.0,60.0,80.0,140.0,35.0,-160.0,0.0,160.0,100.0,0.0,100.0,200.0,1.0,-0.0,-0.0,0.0,0.0,0.0,0.0,0.0,0.0,35.0,35.0,0.0,140.0,-0.0,0.0,0.0,0.0,-80.0,0.0,80.0,60.0,0.0,100.0,0.0,0.0,0.0,80.0,0.0
19,70.037,208.02,1.0,175.0,60.0,80.0,140.0,35.0,-160.0,0.0,160.0,100.0,0.0,100.0,100.0,1.0,-0.0,-0.0,0.0,0.0,0.0,0.0,0.0,0.0,35.0,35.0,0.0,140.0,-0.0,0.0,0.0,0.0,-80.0,0.0,80.0,60.0,0.0,100.0,0.0,0.0,0.0,80.0,0.0
20,70.037,208.02,1.0,175.0,60.0,80.0,140.0,35.0,-160.0,0.0,160.0,100.0,0.0,100.0,0.0,1.0,-0.0,-0.0,0.0,0.0,0.0,0.0,0.0,0.0,35.0,35.0,0.0,140.0,-0.0,0.0,0.0,0.0,-80.0,0.0,80.0,60.0,0.0,100.0,0.0,0.0,0.0,80.0,0.0
21,70.037,147.22,0.0,0.0,0.0,0.0,0.0,0.0,0.0,0.0,0.0,0.0,0.0,0.0,0.0,0.0,1.0,1.0,0.0,0.0,0.0,0.0,0.0,0.0,0.0,0.0,0.0,0.0,-0.0,0.0,0.0,0.0,0.0,0.0,0.0,0.0,0.0,0.0,0.0,0.0,0.0,0.0,0.0
22,70.037,133.32,-0.0,0.0,-0.0,0.0,0.0,0.0,0.0,0.0,0.0,0.0,0.0,0.0,0.0,1.0,0.0,1.0,0.0,0.0,0.0,0.0,0.0,0.0,0.0,0.0,0.0,0.0,-0.0,0.0,0.0,0.0,0.0,0.0,0.0,0.0,0.0,0.0,0.0,0.0,0.0,0.0,0.0
23,70.037,127.89,-0.0,0.0,-0.0,0.0,0.0,0.0,200.0,200.0,0.0,-100.0,100.0,0.0,100.0,0.0,1.0,1.0,0.0,1.0,37.45702567804232,73.15450979197236,11241.604345150756,26.84549020802764,-37.45702567804232,0.0,37.45702567804232,0.0,1.0,26.84549020802764,80.53647062408292,26.84549020802764,-80.53647062408292,0.0,80.53647062408292,0.0,0.0,0.0,100.0,73.15450979197236,80.53647062408292,0.0,26.84549020802764
24,70.037,124.92,-0.0,0.0,-0.0,0.0,0.0,0.0,200.0,200.0,0.0,-100.0,100.0,0.0,200.0,0.0,1.0,-0.0,0.0,1.0,37.45702567804232,73.15450979197236,11241.604345150756,26.84549020802764,-37.45702567804232,0.0,37.45702567804232,0.0,1.0,26.84549020802764,80.53647062408292,26.84549020802764,-80.53647062408292,0.0,80.53647062408292,0.0,0.0,0.0,100.0,73.15450979197236,80.53647062408292,0.0,26.84549020802764
25,70.037,44.46,0.0,0.0,0.0,0.0,0.0,0.0,200.0,200.0,0.0,-22.08899999999999,22.08899999999999,0.0,222.089,-1.3322676295501878e-15,1.0000000000000013,0.0,0.0,1.0,66.64,130.15,20000.0,47.761,-66.64,0.0,66.64,0.0,1.0,47.761,143.28300000000002,47.761,-143.28300000000002,0.0,143.28300000000002,0.0,0.0,0.0,22.08899999999999,130.15,143.28300000000002,0.0,47.761
26,70.037,40.67,0.0,0.0,0.0,0.0,0.0,0.0,200.0,200.0,0.0,-100.0,100.0,0.0,322.089,0.0,1.0,0.0,0.0,1.0,37.45702567804232,73.15450979197236,11241.604345150756,26.84549020802764,-37.45702567804232,0.0,37.45702567804232,0.0,1.0,26.84549020802764,80.53647062408292,26.84549020802764,-80.53647062408292,0.0,80.53647062408292,0.0,0.0,0.0,100.0,73.15450979197236,80.53647062408292,0.0,26.84549020802764
27,70.037,40.66,0.0,0.0,0.0,0.0,0.0,0.0,200.0,200.0,0.0,-100.0,100.0,0.0,422.089,0.0,1.0,-0.0,0.0,1.0,37.45702567804232,73.15450979197236,11241.604345150756,26.84549020802764,-37.45702567804232,0.0,37.45702567804232,0.0,1.0,26.84549020802764,80.53647062408292,26.84549020802764,-80.53647062408292,0.0,80.53647062408292,0.0,0.0,0.0,100.0,73.15450979197236,80.53647062408292,0.0,26.84549020802764
28,70.037,40.66,0.0,0.0,0.0,0.0,0.0,0.0,200.0,200.0,0.0,-100.0,100.0,0.0,522.0889999999999,0.0,1.0,-0.0,0.0,1.0,37.45702567804232,73.15450979197236,11241.604345150756,26.84549020802764,-37.45702567804232,0.0,37.45702567804232,0.0,1.0,26.84549020802764,80.53647062408292,26.84549020802764,-80.53647062408292,0.0,80.53647062408292,0.0,0.0,0.0,100.0,73.15450979197236,80.53647062408292,0.0,26.84549020802764
29,70.037,40.67,-0.0,0.0,-0.0,0.0,0.0,0.0,200.0,200.0,0.0,-100.0,100.0,0.0,622.0889999999999,0.0,1.0,-0.0,0.0,1.0,37.45702567804232,73.15450979197236,11241.604345150756,26.84549020802764,-37.45702567804232,0.0,37.45702567804232,0.0,1.0,26.84549020802764,80.53647062408292,26.84549020802764,-80.53647062408292,0.0,80.53647062408292,0.0,0.0,0.0,100.0,73.15450979197236,80.53647062408292,0.0,26.84549020802764
30,70.037,44.46,-0.0,0.0,-0.0,0.0,0.0,0.0,200.0,200.0,0.0,-22.08899999999999,22.08899999999999,0.0,644.1779999999999,0.0,1.0,-0.0,0.0,1.0,66.64,130.15,20000.0,47.761,-66.64,0.0,66.64,0.0,1.0,47.761,143.28300000000002,47.761,-143.28300000000002,0.0,143.28300000000002,0.0,0.0,0.0,22.08899999999999,130.15,143.28300000000002,0.0,47.761
31,70.037,44.46,0.0,0.0,0.0,0.0,0.0,0.0,200.0,200.0,0.0,-22.08899999999999,22.08899999999999,0.0,666.2669999999998,0.0,1.0,0.0,0.0,1.0,66.64,130.15,20000.0,47.761,-66.64,0.0,66.64,0.0,1.0,47.761,143.28300000000002,47.761,-143.28300000000002,0.0,143.28300000000002,0.0,0.0,0.0,22.08899999999999,130.15,143.28300000000002,0.0,47.761
32,70.037,81.98,0.0,0.0,0.0,0.0,0.0,0.0,200.0,200.0,0.0,-100.0,100.0,0.0,766.2669999999998,0.0,1.0,0.0,0.0,1.0,37.45702567804232,73.15450979197236,11241.604345150756,26.84549020802764,-37.45702567804232,0.0,37.45702567804232,0.0,1.0,26.84549020802764,80.53647062408292,26.84549020802764,-80.53647062408292,0.0,80.53647062408292,0.0,0.0,0.0,100.0,73.15450979197236,80.53647062408292,0.0,26.84549020802764
33,70.037,110.98,0.0,0.0,0.0,0.0,0.0,0.0,200.0,200.0,0.0,-22.08899999999999,22.08899999999999,0.0,788.3559999999998,0.0,1.0,0.0,0.0,1.0,66.64,130.15,20000.0,47.761,-66.64,0.0,66.64,0.0,1.0,47.761,143.28300000000002,47.761,-143.28300000000002,0.0,143.28300000000002,0.0,0.0,0.0,22.08899999999999,130.15,143.28300000000002,0.0,47.761
34,70.037,110.98,0.0,0.0,0.0,0.0,0.0,0.0,199.86378,200.0,0.13622,-100.0,100.0,0.0,888.3559999999998,0.0,1.0,0.0,0.13622,1.0,37.45702567804232,73.15450979197236,11241.604345150756,26.84549020802764,-37.45702567804232,0.0,37.45702567804232,0.0,1.0,26.84549020802764,80.53647062408292,26.84549020802764,-80.53647062408292,0.0,80.53647062408292,0.0,0.13622,0.0,100.0,73.15450979197236,80.53647062408292,0.0,26.84549020802764
35,70.037,82.13,0.0,0.0,0.0,0.0,0.0,0.0,200.0,200.0,0.0,-22.08899999999999,22.08899999999999,0.0,910.4449999999997,0.0,1.0,0.0,0.0,1.0,66.64,130.15,20000.0,47.761,-66.64,0.0,66.64,0.0,1.0,47.761,143.28300000000002,47.761,-143.28300000000002,0.0,143.28300000000002,0.0,0.0,0.0,22.08899999999999,130.15,143.28300000000002,0.0,47.761
36,70.037,82.13,0.0,0.0,0.0,0.0,0.0,0.0,200.0,200.0,0.0,-45.37700000000041,45.37700000000041,0.0,955.8220000000001,0.0,1.0,0.0,0.0,1.0,57.91705836133843,113.11375382212306,17382.07033653614,41.50924617787654,-57.91705836133843,0.0,57.91705836133843,0.0,1.0,41.50924617787654,124.52773853362962,41.50924617787654,-124.52773853362962,0.0,124.52773853362962,0.0,0.0,0.0,45.37700000000041,113.11375382212306,124.52773853362962,0.0,41.50924617787654
37,70.037,82.13,0.0,0.0,0.0,0.0,0.0,0.0,200.0,200.0,0.0,-22.08899999999999,22.08899999999999,0.0,977.9110000000001,0.0,1.0,-0.0,0.0,1.0,66.64,130.15,20000.0,47.761,-66.64,0.0,66.64,0.0,1.0,47.761,143.28300000000002,47.761,-143.28300000000002,0.0,143.28300000000002,0.0,0.0,0.0,22.08899999999999,130.15,143.28300000000002,0.0,47.761
38,70.037,82.13,0.0,0.0,0.0,0.0,0.0,0.0,200.0,200.0,0.0,-22.08899999999999,22.08899999999999,0.0,1000.0,0.0,1.0,-0.0,0.0,1.0,66.64,130.15,20000.0,47.761,-66.64,0.0,66.64,0.0,1.0,47.761,143.28300000000002,47.761,-143.28300000000002,0.0,143.28300000000002,0.0,0.0,0.0,22.08899999999999,130.15,143.28300000000002,0.0,47.761
39,70.037,159.31,-0.0,0.0,-0.0,0.0,0.0,0.0,-100.01666,0.0,100.01666,100.0,0.0,100.0,900.0,1.0,-0.0,1.0,0.01666,0.0,0.0,0.0,0.0,0.0,0.0,0.0,0.0,0.0,-0.0,0.0,0.0,0.0,0.0,0.0,0.0,0.0,0.01666,100.0,0.0,0.0,0.0,0.0,0.0
40,70.037,166.53,-0.0,0.0,-0.0,0.0,0.0,0.0,-100.0,0.0,100.0,100.0,0.0,100.0,800.0,1.0,-0.0,-0.0,0.0,0.0,0.0,0.0,0.0,0.0,0.0,0.0,0.0,0.0,-0.0,0.0,0.0,0.0,0.0,0.0,0.0,0.0,0.0,100.0,0.0,0.0,0.0,0.0,0.0
41,70.037,183.38,1.0,175.0,60.0,80.0,140.0,35.0,-160.0,0.0,160.0,100.0,0.0,100.0,700.0,1.0,-0.0,-0.0,0.0,0.0,0.0,0.0,0.0,0.0,35.0,35.0,0.0,140.0,-0.0,0.0,0.0,0.0,-80.0,0.0,80.0,60.0,0.0,100.0,0.0,0.0,0.0,80.0,0.0
42,70.037,199.29,1.0,175.0,60.0,80.0,140.0,35.0,-160.0,0.0,160.0,100.0,0.0,100.0,600.0,1.0,-0.0,-0.0,0.0,0.0,0.0,0.0,0.0,0.0,35.0,35.0,0.0,140.0,-0.0,0.0,0.0,0.0,-80.0,0.0,80.0,60.0,0.0,100.0,0.0,0.0,0.0,80.0,0.0
43,70.037,199.29,1.0,175.0,60.0,80.0,140.0,35.0,-160.0,0.0,160.0,100.0,0.0,100.0,500.0,1.0,-0.0,-0.0,0.0,0.0,0.0,0.0,0.0,0.0,35.0,35.0,0.0,140.0,-0.0,0.0,0.0,0.0,-80.0,0.0,80.0,60.0,0.0,100.0,0.0,0.0,0.0,80.0,0.0
44,70.037,199.29,1.0,175.0,60.0,80.0,140.0,35.0,-160.0,0.0,160.0,100.0,0.0,100.0,400.0,1.0,-0.0,-0.0,0.0,0.0,0.0,0.0,0.0,0.0,35.0,35.0,0.0,140.0,-0.0,0.0,0.0,0.0,-80.0,0.0,80.0,60.0,0.0,100.0,0.0,0.0,0.0,80.0,0.0
45,70.037,135.45,0.0,0.0,0.0,0.0,0.0,0.0,-100.0,0.0,100.0,100.0,0.0,100.0,300.0,1.0,0.0,-0.0,0.0,0.0,0.0,0.0,0.0,0.0,0.0,0.0,0.0,0.0,-0.0,0.0,0.0,0.0,0.0,0.0,0.0,0.0,0.0,100.0,0.0,0.0,0.0,0.0,0.0
46,70.037,127.22,0.0,0.0,0.0,0.0,0.0,0.0,200.0,200.0,0.0,-100.0,100.0,0.0,400.0,0.0,1.0,1.0,0.0,1.0,37.45702567804232,73.15450979197236,11241.604345150756,26.84549020802764,-37.45702567804232,0.0,37.45702567804232,0.0,1.0,26.84549020802764,80.53647062408292,26.84549020802764,-80.53647062408292,0.0,80.53647062408292,0.0,0.0,0.0,100.0,73.15450979197236,80.53647062408292,0.0,26.84549020802764
47,70.037,122.43,0.0,0.0,0.0,0.0,0.0,0.0,200.0,200.0,0.0,-33.733000000000175,33.733000000000175,0.0,433.7330000000002,0.0,1.0,-0.0,0.0,1.0,62.278529180669224,121.63187691106155,18691.035168268074,44.63512308893828,-62.278529180669224,0.0,62.278529180669224,0.0,1.0,44.63512308893828,133.90536926681483,44.63512308893828,-133.90536926681483,0.0,133.90536926681483,0.0,0.0,0.0,33.733000000000175,121.63187691106155,133.90536926681483,0.0,44.63512308893828
48,70.037,113.79,-0.0,0.0,-0.0,0.0,0.0,0.0,200.0,200.0,0.0,-100.0,100.0,0.0,533.7330000000002,0.0,1.0,-0.0,0.0,1.0,37.45702567804232,73.15450979197236,11241.604345150756,26.84549020802764,-37.45702567804232,0.0,37.45702567804232,0.0,1.0,26.84549020802764,80.53647062408292,26.84549020802764,-80.53647062408292,0.0,80.53647062408292,0.0,0.0,0.0,100.0,73.15450979197236,80.53647062408292,0.0,26.84549020802764
49,70.037,112.77,0.0,0.0,0.0,0.0,0.0,0.0,200.0,200.0,0.0,-100.0,100.0,0.0,633.7330000000002,0.0,1.0,-0.0,0.0,1.0,37.45702567804232,73.15450979197236,11241.604345150756,26.84549020802764,-37.45702567804232,0.0,37.45702567804232,0.0,1.0,26.84549020802764,80.53647062408292,26.84549020802764,-80.53647062408292,0.0,80.53647062408292,0.0,0.0,0.0,100.0,73.15450979197236,80.53647062408292,0.0,26.84549020802764
50,70.037,112.77,0.0,0.0,0.0,0.0,0.0,0.0,200.0,200.0,0.0,-100.0,100.0,0.0,733.7330000000002,0.0,1.0,0.0,0.0,1.0,37.45702567804232,73.15450979197236,11241.604345150756,26.84549020802764,-37.45702567804232,0.0,37.45702567804232,0.0,1.0,26.84549020802764,80.53647062408292,26.84549020802764,-80.53647062408292,0.0,80.53647062408292,0.0,0.0,0.0,100.0,73.15450979197236,80.53647062408292,0.0,26.84549020802764
51,70.037,112.77,0.0,0.0,0.0,0.0,0.0,0.0,200.0,200.0,0.0,-22.088999999999942,22.088999999999942,0.0,755.8220000000001,0.0,1.0,-0.0,0.0,1.0,66.64000000000001,130.15000000000003,20000.000000000004,47.76100000000002,-66.64000000000001,0.0,66.64000000000001,0.0,1.0,47.76100000000002,143.28300000000004,47.76100000000002,-143.28300000000004,0.0,143.28300000000004,0.0,0.0,0.0,22.088999999999942,130.15000000000003,143.28300000000004,0.0,47.76100000000002
52,70.037,112.77,0.0,0.0,0.0,0.0,0.0,0.0,200.0,200.0,0.0,-22.08899999999999,22.08899999999999,0.0,777.9110000000001,0.0,1.0,0.0,0.0,1.0,66.64,130.15,20000.0,47.761,-66.64,0.0,66.64,0.0,1.0,47.761,143.28300000000002,47.761,-143.28300000000002,0.0,143.28300000000002,0.0,0.0,0.0,22.08899999999999,130.15,143.28300000000002,0.0,47.761
53,70.037,112.77,0.0,0.0,0.0,0.0,0.0,0.0,200.0,200.0,0.0,-22.08899999999999,22.08899999999999,0.0,800.0,0.0,1.0,0.0,0.0,1.0,66.64,130.15,20000.0,47.761,-66.64,0.0,66.64,0.0,1.0,47.761,143.28300000000002,47.761,-143.28300000000002,0.0,143.28300000000002,0.0,0.0,0.0,22.08899999999999,130.15,143.28300000000002,0.0,47.761
54,70.037,117.0,0.0,0.0,0.0,0.0,0.0,0.0,200.0,200.0,0.0,-100.0,100.0,0.0,900.0,0.0,1.0,0.0,0.0,1.0,37.45702567804232,73.15450979197236,11241.604345150756,26.84549020802764,-37.45702567804232,0.0,37.45702567804232,0.0,1.0,26.84549020802764,80.53647062408292,26.84549020802764,-80.53647062408292,0.0,80.53647062408292,0.0,0.0,0.0,100.0,73.15450979197236,80.53647062408292,0.0,26.84549020802764
55,70.037,128.42,0.0,0.0,0.0,0.0,0.0,0.0,200.0,200.0,0.0,-100.0,100.0,0.0,1000.0,0.0,1.0,0.0,0.0,1.0,37.45702567804232,73.15450979197236,11241.604345150756,26.84549020802764,-37.45702567804232,0.0,37.45702567804232,0.0,1.0,26.84549020802764,80.53647062408292,26.84549020802764,-80.53647062408292,0.0,80.53647062408292,0.0,0.0,0.0,100.0,73.15450979197236,80.53647062408292,0.0,26.84549020802764
56,70.037,147.22,0.0,0.0,0.0,0.0,0.0,0.0,0.0,0.0,0.0,0.0,0.0,0.0,1000.0,1.0,-0.0,1.0,0.0,0.0,0.0,0.0,0.0,0.0,0.0,0.0,0.0,0.0,-0.0,0.0,0.0,0.0,0.0,0.0,0.0,0.0,0.0,0.0,0.0,0.0,0.0,0.0,0.0
57,70.037,232.55,1.0,175.0,60.0,80.0,140.0,35.0,-160.03528,0.0,160.03528,100.0,0.0,100.0,900.0,1.0,-0.0,-0.0,0.03528,0.0,0.0,0.0,0.0,0.0,35.0,35.0,0.0,140.0,-0.0,0.0,0.0,0.0,-80.0,0.0,80.0,60.0,0.03528,100.0,0.0,0.0,0.0,80.0,0.0
58,70.037,239.71,1.0,175.0,60.0,80.0,140.0,35.0,-160.0,0.0,160.0,100.0,0.0,100.0,800.0,1.0,-0.0,-0.0,0.0,0.0,0.0,0.0,0.0,0.0,35.0,35.0,0.0,140.0,-0.0,0.0,0.0,0.0,-80.0,0.0,80.0,60.0,0.0,100.0,0.0,0.0,0.0,80.0,0.0
59,70.037,250.02,1.0,175.0,60.0,80.0,140.0,35.0,-160.00294,0.0,160.00294,100.0,0.0,100.0,700.0,1.0,-0.0,-0.0,0.00294,0.0,0.0,0.0,0.0,0.0,35.0,35.0,0.0,140.0,-0.0,0.0,0.0,0.0,-80.0,0.0,80.0,60.0,0.00294,100.0,0.0,0.0,0.0,80.0,0.0
60,70.037,235.66,1.0,175.0,60.0,80.0,140.0,35.0,-160.12838,0.0,160.12838,100.0,0.0,100.0,600.0,1.0,-0.0,-0.0,0.12838,0.0,0.0,0.0,0.0,0.0,35.0,35.0,0.0,140.0,-0.0,0.0,0.0,0.0,-80.0,0.0,80.0,60.0,0.12838,100.0,0.0,0.0,0.0,80.0,0.0
61,70.037,214.69,1.0,175.0,60.0,80.0,140.0,35.0,39.97746,100.0,60.02254,-100.0,100.0,0.0,700.0,0.0,1.0,1.0,0.022539999999999998,0.0,0.0,0.0,0.0,0.0,35.0,35.0,0.0,140.0,-0.0,0.0,0.0,0.0,-80.0,0.0,80.0,60.0,0.022539999999999998,0.0,100.0,0.0,0.0,80.0,0.0
62,70.037,216.88,1.0,175.0,60.0,80.0,140.0,35.0,-160.02156,0.0,160.02156,100.0,0.0,100.0,600.0,1.0,-0.0,1.0,0.02156,0.0,0.0,0.0,0.0,0.0,35.0,35.0,0.0,140.0,-0.0,0.0,0.0,0.0,-80.0,0.0,80.0,60.0,0.02156,100.0,0.0,0.0,0.0,80.0,0.0
63,70.037,242.28,1.0,175.0,60.0,80.0,140.0,35.0,-160.03136,0.0,160.03136,100.0,0.0,100.0,500.0,1.0,-0.0,-0.0,0.03136,0.0,0.0,0.0,0.0,0.0,35.0,35.0,0.0,140.0,-0.0,0.0,0.0,0.0,-80.0,0.0,80.0,60.0,0.03136,100.0,0.0,0.0,0.0,80.0,0.0
64,70.037,252.27,1.0,175.0,60.0,80.0,140.0,35.0,-160.0,0.0,160.0,100.0,0.0,100.0,400.0,1.0,-0.0,-0.0,0.0,0.0,0.0,0.0,0.0,0.0,35.0,35.0,0.0,140.0,-0.0,0.0,0.0,0.0,-80.0,0.0,80.0,60.0,0.0,100.0,0.0,0.0,0.0,80.0,0.0
65,70.037,265.72,1.0,258.3333333333333,100.0,133.33333333333331,206.66666666666666,51.666666666666664,-200.0,0.0,200.0,100.0,0.0,100.0,300.0,1.0,-0.0,-0.0,0.0,0.0,0.0,0.0,0.0,0.0,51.666666666666664,51.666666666666664,0.0,206.66666666666666,-0.0,0.0,0.0,0.0,-133.33333333333331,0.0,133.33333333333331,100.0,0.0,100.0,0.0,0.0,0.0,133.33333333333331,0.0
66,70.037,271.12,1.0,258.3333333333333,100.0,133.33333333333331,206.66666666666666,51.666666666666664,-200.0,0.0,200.0,100.0,0.0,100.0,200.0,1.0,-0.0,-0.0,0.0,0.0,0.0,0.0,0.0,0.0,51.666666666666664,51.666666666666664,0.0,206.66666666666666,-0.0,0.0,0.0,0.0,-133.33333333333331,0.0,133.33333333333331,100.0,0.0,100.0,0.0,0.0,0.0,133.33333333333331,0.0
67,70.037,271.12,1.0,258.3333333333333,100.0,133.33333333333331,206.66666666666666,51.666666666666664,-200.0,0.0,200.0,100.0,0.0,100.0,100.0,1.0,-0.0,-0.0,0.0,0.0,0.0,0.0,0.0,0.0,51.666666666666664,51.666666666666664,0.0,206.66666666666666,-0.0,0.0,0.0,0.0,-133.33333333333331,0.0,133.33333333333331,100.0,0.0,100.0,0.0,0.0,0.0,133.33333333333331,0.0
68,70.037,271.12,1.0,258.3333333333333,100.0,133.33333333333331,206.66666666666666,51.666666666666664,-200.0,0.0,200.0,100.0,0.0,100.0,0.0,1.0,-0.0,-0.0,0.0,0.0,0.0,0.0,0.0,0.0,51.666666666666664,51.666666666666664,0.0,206.66666666666666,-0.0,0.0,0.0,0.0,-133.33333333333331,0.0,133.33333333333331,100.0,0.0,100.0,0.0,0.0,0.0,133.33333333333331,0.0
69,70.037,196.29,1.0,175.0,60.0,80.0,140.0,35.0,-60.0,0.0,60.0,0.0,0.0,0.0,0.0,1.0,-0.0,-0.0,0.0,0.0,0.0,0.0,0.0,0.0,35.0,35.0,0.0,140.0,-0.0,0.0,0.0,0.0,-80.0,0.0,80.0,60.0,0.0,0.0,0.0,0.0,0.0,80.0,0.0
70,70.037,194.33,1.0,175.0,60.0,80.0,140.0,35.0,40.0,100.0,60.0,-100.0,100.0,0.0,100.0,0.0,1.0,1.0,0.0,0.0,0.0,0.0,0.0,0.0,35.0,35.0,0.0,140.0,-0.0,0.0,0.0,0.0,-80.0,0.0,80.0,60.0,0.0,0.0,100.0,0.0,0.0,80.0,0.0
71,70.037,185.58,1.0,175.0,60.0,80.0,140.0,35.0,40.0,100.0,60.0,-100.0,100.0,0.0,200.0,0.0,1.0,0.0,0.0,0.0,0.0,0.0,0.0,0.0,35.0,35.0,0.0,140.0,-0.0,0.0,0.0,0.0,-80.0,0.0,80.0,60.0,0.0,0.0,100.0,0.0,0.0,80.0,0.0
72,70.037,176.97,0.0,0.0,0.0,0.0,0.0,0.0,100.0,100.0,0.0,-100.0,100.0,0.0,300.0,0.0,1.0,-0.0,0.0,0.0,0.0,0.0,0.0,0.0,0.0,0.0,0.0,0.0,-0.0,0.0,0.0,0.0,0.0,0.0,0.0,0.0,0.0,0.0,100.0,0.0,0.0,0.0,0.0
73,70.037,147.22,0.0,0.0,0.0,0.0,0.0,0.0,100.0,100.0,0.0,-100.0,100.0,0.0,400.0,0.0,1.0,-0.0,0.0,0.0,0.0,0.0,0.0,0.0,0.0,0.0,0.0,0.0,-0.0,0.0,0.0,0.0,0.0,0.0,0.0,0.0,0.0,0.0,100.0,0.0,0.0,0.0,0.0
74,70.037,147.22,0.0,0.0,0.0,0.0,0.0,0.0,100.0,100.0,0.0,-100.0,100.0,0.0,500.0,0.0,1.0,0.0,0.0,0.0,0.0,0.0,0.0,0.0,0.0,0.0,0.0,0.0,-0.0,0.0,0.0,0.0,0.0,0.0,0.0,0.0,0.0,0.0,100.0,0.0,0.0,0.0,0.0
75,70.037,147.22,0.0,0.0,0.0,0.0,0.0,0.0,100.0,100.0,0.0,-100.0,100.0,0.0,600.0,0.0,1.0,0.0,0.0,0.0,0.0,0.0,0.0,0.0,0.0,0.0,0.0,0.0,-0.0,0.0,0.0,0.0,0.0,0.0,0.0,0.0,0.0,0.0,100.0,0.0,0.0,0.0,0.0
76,70.037,147.22,0.0,0.0,0.0,0.0,0.0,0.0,100.0,100.0,0.0,-100.0,100.0,0.0,700.0,0.0,1.0,-0.0,0.0,0.0,0.0,0.0,0.0,0.0,0.0,0.0,0.0,0.0,-0.0,0.0,0.0,0.0,0.0,0.0,0.0,0.0,0.0,0.0,100.0,0.0,0.0,0.0,0.0
77,70.037,147.22,0.0,0.0,0.0,0.0,0.0,0.0,100.0,100.0,0.0,-100.0,100.0,0.0,800.0,0.0,1.0,-0.0,0.0,0.0,0.0,0.0,0.0,0.0,0.0,0.0,0.0,0.0,-0.0,0.0,0.0,0.0,0.0,0.0,0.0,0.0,0.0,0.0,100.0,0.0,0.0,0.0,0.0
78,70.037,147.22,0.0,0.0,0.0,0.0,0.0,0.0,100.0,100.0,0.0,-100.0,100.0,0.0,900.0,0.0,1.0,-0.0,0.0,0.0,0.0,0.0,0.0,0.0,0.0,0.0,0.0,0.0,-0.0,0.0,0.0,0.0,0.0,0.0,0.0,0.0,0.0,0.0,100.0,0.0,0.0,0.0,0.0
79,70.037,179.57,1.0,175.0,60.0,80.0,140.0,35.0,40.0,100.0,60.0,-100.0,100.0,0.0,1000.0,0.0,1.0,0.0,0.0,0.0,0.0,0.0,0.0,0.0,35.0,35.0,0.0,140.0,-0.0,0.0,0.0,0.0,-80.0,0.0,80.0,60.0,0.0,0.0,100.0,0.0,0.0,80.0,0.0
80,70.037,196.29,1.0,175.0,60.0,80.0,140.0,35.0,-60.0,0.0,60.0,0.0,0.0,0.0,1000.0,1.0,-0.0,1.0,0.0,0.0,0.0,0.0,0.0,0.0,35.0,35.0,0.0,140.0,-0.0,0.0,0.0,0.0,-80.0,0.0,80.0,60.0,0.0,0.0,0.0,0.0,0.0,80.0,0.0
81,70.037,265.72,1.0,258.3333333333333,100.0,133.33333333333331,206.66666666666666,51.666666666666664,-200.0,0.0,200.0,100.0,0.0,100.0,900.0,1.0,-0.0,-0.0,0.0,0.0,0.0,0.0,0.0,0.0,51.666666666666664,51.666666666666664,0.0,206.66666666666666,-0.0,0.0,0.0,0.0,-133.33333333333331,0.0,133.33333333333331,100.0,0.0,100.0,0.0,0.0,0.0,133.33333333333331,0.0
82,70.037,265.72,1.0,258.14958333333334,99.9118,133.21573333333333,206.5196666666667,51.629916666666674,-200.0,0.0,200.0,100.0,0.0,100.0,800.0,1.0,-0.0,-0.0,0.0882,0.0,0.0,0.0,0.0,0.0,51.629916666666674,51.629916666666674,0.0,206.5196666666667,-0.0,0.0,0.0,0.0,-133.21573333333333,0.0,133.21573333333333,99.9118,0.0882,100.0,0.0,0.0,0.0,133.21573333333333,0.0
83,70.037,200.69,1.0,175.0,60.0,80.0,140.0,35.0,-160.1274,0.0,160.1274,100.0,0.0,100.0,700.0,1.0,-0.0,-0.0,0.1274,0.0,0.0,0.0,0.0,0.0,35.0,35.0,0.0,140.0,-0.0,0.0,0.0,0.0,-80.0,0.0,80.0,60.0,0.1274,100.0,0.0,0.0,0.0,80.0,0.0
84,70.037,196.63,1.0,175.0,60.0,80.0,140.0,35.0,-60.02156,0.0,60.02156,0.0,0.0,0.0,700.0,1.0,-0.0,-0.0,0.02156,0.0,0.0,0.0,0.0,0.0,35.0,35.0,0.0,140.0,-0.0,0.0,0.0,0.0,-80.0,0.0,80.0,60.0,0.02156,0.0,0.0,0.0,0.0,80.0,0.0
85,70.037,196.63,1.0,175.0,60.0,80.0,140.0,35.0,-60.0,0.0,60.0,0.0,0.0,0.0,700.0,1.0,-0.0,-0.0,0.0,0.0,0.0,0.0,0.0,0.0,35.0,35.0,0.0,140.0,-0.0,0.0,0.0,0.0,-80.0,0.0,80.0,60.0,0.0,0.0,0.0,0.0,0.0,80.0,0.0
86,70.037,196.63,1.0,175.0,60.0,80.0,140.0,35.0,-160.0,0.0,160.0,100.0,0.0,100.0,600.0,1.0,-0.0,-0.0,0.0,0.0,0.0,0.0,0.0,0.0,35.0,35.0,0.0,140.0,-0.0,0.0,0.0,0.0,-80.0,0.0,80.0,60.0,0.0,100.0,0.0,0.0,0.0,80.0,0.0
87,70.037,226.74,1.0,175.0,60.0,80.0,140.0,35.0,-160.01078,0.0,160.01078,100.0,0.0,100.0,500.0,1.0,-0.0,-0.0,0.01078,0.0,0.0,0.0,0.0,0.0,35.0,35.0,0.0,140.0,-0.0,0.0,0.0,0.0,-80.0,0.0,80.0,60.0,0.01078,100.0,0.0,0.0,0.0,80.0,0.0
88,70.037,257.82,1.0,175.0,60.0,80.0,140.0,35.0,-160.0,0.0,160.0,100.0,0.0,100.0,400.0,1.0,-0.0,-0.0,0.0,0.0,0.0,0.0,0.0,0.0,35.0,35.0,0.0,140.0,-0.0,0.0,0.0,0.0,-80.0,0.0,80.0,60.0,0.0,100.0,0.0,0.0,0.0,80.0,0.0
89,70.037,265.72,1.0,258.3333333333333,100.0,133.33333333333331,206.66666666666666,51.666666666666664,-200.0,0.0,200.0,100.0,0.0,100.0,300.0,1.0,-0.0,-0.0,0.0,0.0,0.0,0.0,0.0,0.0,51.666666666666664,51.666666666666664,0.0,206.66666666666666,-0.0,0.0,0.0,0.0,-133.33333333333331,0.0,133.33333333333331,100.0,0.0,100.0,0.0,0.0,0.0,133.33333333333331,0.0
90,70.037,265.72,1.0,258.3333333333333,100.0,133.33333333333331,206.66666666666666,51.666666666666664,-200.0,0.0,200.0,100.0,0.0,100.0,200.0,1.0,-0.0,-0.0,0.0,0.0,0.0,0.0,0.0,0.0,51.666666666666664,51.666666666666664,0.0,206.66666666666666,-0.0,0.0,0.0,0.0,-133.33333333333331,0.0,133.33333333333331,100.0,0.0,100.0,0.0,0.0,0.0,133.33333333333331,0.0
91,70.037,265.72,1.0,258.3333333333333,100.0,133.33333333333331,206.66666666666666,51.666666666666664,-200.0,0.0,200.0,100.0,0.0,100.0,100.0,1.0,-0.0,-0.0,0.0,0.0,0.0,0.0,0.0,0.0,51.666666666666664,51.666666666666664,0.0,206.66666666666666,-0.0,0.0,0.0,0.0,-133.33333333333331,0.0,133.33333333333331,100.0,0.0,100.0,0.0,0.0,0.0,133.33333333333331,0.0
92,70.037,265.72,1.0,258.3333333333333,100.0,133.33333333333331,206.66666666666666,51.666666666666664,-200.0,0.0,200.0,100.0,0.0,100.0,0.0,1.0,-0.0,-0.0,0.0,0.0,0.0,0.0,0.0,0.0,51.666666666666664,51.666666666666664,0.0,206.66666666666666,-0.0,0.0,0.0,0.0,-133.33333333333331,0.0,133.33333333333331,100.0,0.0,100.0,0.0,0.0,0.0,133.33333333333331,0.0
93,70.037,196.29,1.0,175.0,60.0,80.0,140.0,35.0,-60.0,0.0,60.0,0.0,0.0,0.0,0.0,1.0,-0.0,-0.0,0.0,0.0,0.0,0.0,0.0,0.0,35.0,35.0,0.0,140.0,-0.0,0.0,0.0,0.0,-80.0,0.0,80.0,60.0,0.0,0.0,0.0,0.0,0.0,80.0,0.0
94,70.037,179.57,1.0,175.0,60.0,80.0,140.0,35.0,-60.0,0.0,60.0,0.0,0.0,0.0,0.0,0.0,1.0,1.0,0.0,0.0,0.0,0.0,0.0,0.0,35.0,35.0,0.0,140.0,-0.0,0.0,0.0,0.0,-80.0,0.0,80.0,60.0,0.0,0.0,0.0,0.0,0.0,80.0,0.0
95,70.037,176.97,-0.0,0.0,-0.0,0.0,0.0,0.0,100.0,100.0,0.0,-100.0,100.0,0.0,100.0,0.0,1.0,0.0,0.0,0.0,0.0,0.0,0.0,0.0,0.0,0.0,0.0,0.0,-0.0,0.0,0.0,0.0,0.0,0.0,0.0,0.0,0.0,0.0,100.0,0.0,0.0,0.0,0.0
96,70.037,160.99,-0.0,0.0,-0.0,0.0,0.0,0.0,100.0,100.0,0.0,-100.0,100.0,0.0,200.0,0.0,1.0,-0.0,0.0,0.0,0.0,0.0,0.0,0.0,0.0,0.0,0.0,0.0,-0.0,0.0,0.0,0.0,0.0,0.0,0.0,0.0,0.0,0.0,100.0,0.0,0.0,0.0,0.0
97,70.037,142.59,0.0,0.0,0.0,0.0,0.0,0.0,100.0,100.0,0.0,-100.0,100.0,0.0,300.0,0.0,1.0,-0.0,0.0,0.0,0.0,0.0,0.0,0.0,0.0,0.0,0.0,0.0,-0.0,0.0,0.0,0.0,0.0,0.0,0.0,0.0,0.0,0.0,100.0,0.0,0.0,0.0,0.0
98,70.037,131.54,0.0,0.0,0.0,0.0,0.0,0.0,100.0,100.0,0.0,-100.0,100.0,0.0,400.0,0.0,1.0,-0.0,0.0,0.0,0.0,0.0,0.0,0.0,0.0,0.0,0.0,0.0,-0.0,0.0,0.0,0.0,0.0,0.0,0.0,0.0,0.0,0.0,100.0,0.0,0.0,0.0,0.0
99,70.037,131.54,0.0,0.0,0.0,0.0,0.0,0.0,100.0,100.0,0.0,-100.0,100.0,0.0,500.0,0.0,1.0,-0.0,0.0,0.0,0.0,0.0,0.0,0.0,0.0,0.0,0.0,0.0,-0.0,0.0,0.0,0.0,0.0,0.0,0.0,0.0,0.0,0.0,100.0,0.0,0.0,0.0,0.0
100,70.037,131.54,0.0,0.0,0.0,0.0,0.0,0.0,100.0,100.0,0.0,-100.0,100.0,0.0,600.0,0.0,1.0,-0.0,0.0,0.0,0.0,0.0,0.0,0.0,0.0,0.0,0.0,0.0,-0.0,0.0,0.0,0.0,0.0,0.0,0.0,0.0,0.0,0.0,100.0,0.0,0.0,0.0,0.0
101,70.037,131.54,0.0,0.0,0.0,0.0,0.0,0.0,100.0,100.0,0.0,-100.0,100.0,0.0,700.0,0.0,1.0,-0.0,0.0,0.0,0.0,0.0,0.0,0.0,0.0,0.0,0.0,0.0,-0.0,0.0,0.0,0.0,0.0,0.0,0.0,0.0,0.0,0.0,100.0,0.0,0.0,0.0,0.0
102,70.037,131.54,0.0,0.0,0.0,0.0,0.0,0.0,100.0,100.0,0.0,-100.0,100.0,0.0,800.0,0.0,1.0,-0.0,0.0,0.0,0.0,0.0,0.0,0.0,0.0,0.0,0.0,0.0,-0.0,0.0,0.0,0.0,0.0,0.0,0.0,0.0,0.0,0.0,100.0,0.0,0.0,0.0,0.0
103,70.037,131.54,0.0,0.0,0.0,0.0,0.0,0.0,100.0,100.0,0.0,-100.0,100.0,0.0,900.0,0.0,1.0,-0.0,0.0,0.0,0.0,0.0,0.0,0.0,0.0,0.0,0.0,0.0,-0.0,0.0,0.0,0.0,0.0,0.0,0.0,0.0,0.0,0.0,100.0,0.0,0.0,0.0,0.0
104,70.037,161.76,-0.0,0.0,-0.0,0.0,0.0,0.0,100.0,100.0,0.0,-100.0,100.0,0.0,1000.0,0.0,1.0,-0.0,0.0,0.0,0.0,0.0,0.0,0.0,0.0,0.0,0.0,0.0,-0.0,0.0,0.0,0.0,0.0,0.0,0.0,0.0,0.0,0.0,100.0,0.0,0.0,0.0,0.0
105,70.037,218.98,1.0,175.0,60.0,80.0,140.0,35.0,-160.0,0.0,160.0,100.0,0.0,100.0,900.0,1.0,-0.0,1.0,0.0,0.0,0.0,0.0,0.0,0.0,35.0,35.0,0.0,140.0,-0.0,0.0,0.0,0.0,-80.0,0.0,80.0,60.0,0.0,100.0,0.0,0.0,0.0,80.0,0.0
106,70.037,178.06,1.0,175.0,60.0,80.0,140.0,35.0,-160.0,0.0,160.0,100.0,0.0,100.0,800.0,1.0,-0.0,-0.0,0.0,0.0,0.0,0.0,0.0,0.0,35.0,35.0,0.0,140.0,-0.0,0.0,0.0,0.0,-80.0,0.0,80.0,60.0,0.0,100.0,0.0,0.0,0.0,80.0,0.0
107,70.037,178.06,1.0,175.0,60.0,80.0,140.0,35.0,-160.0,0.0,160.0,100.0,0.0,100.0,700.0,1.0,-0.0,-0.0,0.0,0.0,0.0,0.0,0.0,0.0,35.0,35.0,0.0,140.0,-0.0,0.0,0.0,0.0,-80.0,0.0,80.0,60.0,0.0,100.0,0.0,0.0,0.0,80.0,0.0
108,70.037,177.16,1.0,175.0,60.0,80.0,140.0,35.0,-60.0,0.0,60.0,0.0,0.0,0.0,700.0,1.0,-0.0,-0.0,0.0,0.0,0.0,0.0,0.0,0.0,35.0,35.0,0.0,140.0,-0.0,0.0,0.0,0.0,-80.0,0.0,80.0,60.0,0.0,0.0,0.0,0.0,0.0,80.0,0.0
109,70.037,177.16,0.0,0.0,0.0,0.0,0.0,0.0,0.0,0.0,0.0,0.0,0.0,0.0,700.0,1.0,-0.0,-0.0,0.0,0.0,0.0,0.0,0.0,0.0,0.0,0.0,0.0,0.0,-0.0,0.0,0.0,0.0,0.0,0.0,0.0,0.0,0.0,0.0,0.0,0.0,0.0,0.0,0.0
110,70.037,178.06,1.0,175.0,60.0,80.0,140.0,35.0,-160.0,0.0,160.0,100.0,0.0,100.0,600.0,1.0,-0.0,-0.0,0.0,0.0,0.0,0.0,0.0,0.0,35.0,35.0,0.0,140.0,-0.0,0.0,0.0,0.0,-80.0,0.0,80.0,60.0,0.0,100.0,0.0,0.0,0.0,80.0,0.0
111,70.037,179.2,1.0,175.0,60.0,80.0,140.0,35.0,-160.0,0.0,160.0,100.0,0.0,100.0,500.0,1.0,-0.0,-0.0,0.0,0.0,0.0,0.0,0.0,0.0,35.0,35.0,0.0,140.0,-0.0,0.0,0.0,0.0,-80.0,0.0,80.0,60.0,0.0,100.0,0.0,0.0,0.0,80.0,0.0
112,70.037,240.62,1.0,175.0,60.0,80.0,140.0,35.0,-160.0,0.0,160.0,100.0,0.0,100.0,400.0,1.0,-0.0,-0.0,0.0,0.0,0.0,0.0,0.0,0.0,35.0,35.0,0.0,140.0,-0.0,0.0,0.0,0.0,-80.0,0.0,80.0,60.0,0.0,100.0,0.0,0.0,0.0,80.0,0.0
113,70.037,255.25,1.0,175.0,60.0,80.0,140.0,35.0,-160.0,0.0,160.0,100.0,0.0,100.0,300.0,1.0,-0.0,-0.0,0.0,0.0,0.0,0.0,0.0,0.0,35.0,35.0,0.0,140.0,-0.0,0.0,0.0,0.0,-80.0,0.0,80.0,60.0,0.0,100.0,0.0,0.0,0.0,80.0,0.0
114,70.037,255.25,1.0,175.0,60.0,80.0,140.0,35.0,-160.0,0.0,160.0,100.0,0.0,100.0,200.0,1.0,-0.0,-0.0,0.0,0.0,0.0,0.0,0.0,0.0,35.0,35.0,0.0,140.0,-0.0,0.0,0.0,0.0,-80.0,0.0,80.0,60.0,0.0,100.0,0.0,0.0,0.0,80.0,0.0
115,70.037,243.08,1.0,175.0,60.0,80.0,140.0,35.0,-160.0,0.0,160.0,100.0,0.0,100.0,100.0,1.0,-0.0,-0.0,0.0,0.0,0.0,0.0,0.0,0.0,35.0,35.0,0.0,140.0,-0.0,0.0,0.0,0.0,-80.0,0.0,80.0,60.0,0.0,100.0,0.0,0.0,0.0,80.0,0.0
116,70.037,240.62,1.0,175.0,60.0,80.0,140.0,35.0,-160.0,0.0,160.0,100.0,0.0,100.0,0.0,1.0,-0.0,-0.0,0.0,0.0,0.0,0.0,0.0,0.0,35.0,35.0,0.0,140.0,-0.0,0.0,0.0,0.0,-80.0,0.0,80.0,60.0,0.0,100.0,0.0,0.0,0.0,80.0,0.0
117,70.037,175.38,-0.0,0.0,-0.0,0.0,0.0,0.0,0.0,0.0,0.0,0.0,0.0,0.0,0.0,1.0,-0.0,-0.0,0.0,0.0,0.0,0.0,0.0,0.0,0.0,0.0,0.0,0.0,-0.0,0.0,0.0,0.0,0.0,0.0,0.0,0.0,0.0,0.0,0.0,0.0,0.0,0.0,0.0
118,70.037,147.22,-0.0,0.0,-0.0,0.0,0.0,0.0,0.0,0.0,0.0,0.0,0.0,0.0,0.0,1.0,-0.0,-0.0,0.0,0.0,0.0,0.0,0.0,0.0,0.0,0.0,0.0,0.0,-0.0,0.0,0.0,0.0,0.0,0.0,0.0,0.0,0.0,0.0,0.0,0.0,0.0,0.0,0.0
119,70.037,147.22,0.0,0.0,0.0,0.0,0.0,0.0,0.0,0.0,0.0,0.0,0.0,0.0,0.0,1.0,-0.0,-0.0,0.0,0.0,0.0,0.0,0.0,0.0,0.0,0.0,0.0,0.0,-0.0,0.0,0.0,0.0,0.0,0.0,0.0,0.0,0.0,0.0,0.0,0.0,0.0,0.0,0.0
120,70.037,135.45,-0.0,0.0,-0.0,0.0,0.0,0.0,0.0,0.0,0.0,0.0,0.0,0.0,0.0,1.0,-0.0,-0.0,0.0,0.0,0.0,0.0,0.0,0.0,0.0,0.0,0.0,0.0,-0.0,0.0,0.0,0.0,0.0,0.0,0.0,0.0,0.0,0.0,0.0,0.0,0.0,0.0,0.0
121,70.037,127.22,-0.0,0.0,-0.0,0.0,0.0,0.0,200.0,200.0,0.0,-100.0,100.0,0.0,100.0,0.0,1.0,1.0,0.0,1.0,37.45702567804232,73.15450979197236,11241.604345150756,26.84549020802764,-37.45702567804232,0.0,37.45702567804232,0.0,1.0,26.84549020802764,80.53647062408292,26.84549020802764,-80.53647062408292,0.0,80.53647062408292,0.0,0.0,0.0,100.0,73.15450979197236,80.53647062408292,0.0,26.84549020802764
122,70.037,119.14,0.0,0.0,0.0,0.0,0.0,0.0,200.0,200.0,0.0,-22.08899999999999,22.08899999999999,0.0,122.089,0.0,1.0,0.0,0.0,1.0,66.64,130.15,20000.0,47.761,-66.64,0.0,66.64,0.0,1.0,47.761,143.28300000000002,47.761,-143.28300000000002,0.0,143.28300000000002,0.0,0.0,0.0,22.08899999999999,130.15,143.28300000000002,0.0,47.761
123,70.037,113.79,0.0,0.0,0.0,0.0,0.0,0.0,200.0,200.0,0.0,-100.0,100.0,0.0,222.089,0.0,1.0,-0.0,0.0,1.0,37.45702567804232,73.15450979197236,11241.604345150756,26.84549020802764,-37.45702567804232,0.0,37.45702567804232,0.0,1.0,26.84549020802764,80.53647062408292,26.84549020802764,-80.53647062408292,0.0,80.53647062408292,0.0,0.0,0.0,100.0,73.15450979197236,80.53647062408292,0.0,26.84549020802764
124,70.037,113.79,0.0,0.0,0.0,0.0,0.0,0.0,200.0,200.0,0.0,-100.0,100.0,0.0,322.089,0.0,1.0,-0.0,0.0,1.0,37.45702567804232,73.15450979197236,11241.604345150756,26.84549020802764,-37.45702567804232,0.0,37.45702567804232,0.0,1.0,26.84549020802764,80.53647062408292,26.84549020802764,-80.53647062408292,0.0,80.53647062408292,0.0,0.0,0.0,100.0,73.15450979197236,80.53647062408292,0.0,26.84549020802764
125,70.037,113.79,0.0,0.0,0.0,0.0,0.0,0.0,200.0,200.0,0.0,-22.088999999999942,22.088999999999942,0.0,344.17799999999994,0.0,1.0,-0.0,0.0,1.0,66.64000000000001,130.15000000000003,20000.000000000004,47.76100000000002,-66.64000000000001,0.0,66.64000000000001,0.0,1.0,47.76100000000002,143.28300000000004,47.76100000000002,-143.28300000000004,0.0,143.28300000000004,0.0,0.0,0.0,22.088999999999942,130.15000000000003,143.28300000000004,0.0,47.76100000000002
126,70.037,113.54,0.0,0.0,0.0,0.0,0.0,0.0,200.0,200.0,0.0,-22.08899999999999,22.08899999999999,0.0,366.26699999999994,0.0,1.0,0.0,0.0,1.0,66.64,130.15,20000.0,47.761,-66.64,0.0,66.64,0.0,1.0,47.761,143.28300000000002,47.761,-143.28300000000002,0.0,143.28300000000002,0.0,0.0,0.0,22.08899999999999,130.15,143.28300000000002,0.0,47.761
127,70.037,113.52,-0.0,0.0,-0.0,0.0,0.0,0.0,200.0,200.0,0.0,-22.08899999999999,22.08899999999999,0.0,388.35599999999994,0.0,1.0,0.0,0.0,1.0,66.64,130.15,20000.0,47.761,-66.64,0.0,66.64,0.0,1.0,47.761,143.28300000000002,47.761,-143.28300000000002,0.0,143.28300000000002,0.0,0.0,0.0,22.08899999999999,130.15,143.28300000000002,0.0,47.761
128,70.037,113.79,0.0,0.0,0.0,0.0,0.0,0.0,200.0,200.0,0.0,-22.08899999999999,22.08899999999999,0.0,410.44499999999994,0.0,1.0,0.0,0.0,1.0,66.64,130.15,20000.0,47.761,-66.64,0.0,66.64,0.0,1.0,47.761,143.28300000000002,47.761,-143.28300000000002,0.0,143.28300000000002,0.0,0.0,0.0,22.08899999999999,130.15,143.28300000000002,0.0,47.761
129,70.037,119.14,0.0,0.0,0.0,0.0,0.0,0.0,199.95884,200.0,0.04116,-22.08899999999999,22.08899999999999,0.0,432.53399999999993,0.0,1.0,0.0,0.04116,1.0,66.64,130.15,20000.0,47.761,-66.64,0.0,66.64,0.0,1.0,47.761,143.28300000000002,47.761,-143.28300000000002,0.0,143.28300000000002,0.0,0.04116,0.0,22.08899999999999,130.15,143.28300000000002,0.0,47.761
130,70.037,113.79,0.0,0.0,0.0,0.0,0.0,0.0,199.99706,200.0,0.00294,-22.08899999999999,22.08899999999999,0.0,454.62299999999993,0.0,1.0,0.0,0.00294,1.0,66.64,130.15,20000.0,47.761,-66.64,0.0,66.64,0.0,1.0,47.761,143.28300000000002,47.761,-143.28300000000002,0.0,143.28300000000002,0.0,0.00294,0.0,22.08899999999999,130.15,143.28300000000002,0.0,47.761
131,70.037,113.52,0.0,0.0,0.0,0.0,0.0,0.0,200.0,200.0,0.0,-22.08899999999999,22.08899999999999,0.0,476.71199999999993,0.0,1.0,0.0,0.0,1.0,66.64,130.15,20000.0,47.761,-66.64,0.0,66.64,0.0,1.0,47.761,143.28300000000002,47.761,-143.28300000000002,0.0,143.28300000000002,0.0,0.0,0.0,22.08899999999999,130.15,143.28300000000002,0.0,47.761
132,70.037,113.52,0.0,0.0,0.0,0.0,0.0,0.0,200.0,200.0,0.0,-22.08899999999999,22.08899999999999,0.0,498.80099999999993,0.0,1.0,0.0,0.0,1.0,66.64,130.15,20000.0,47.761,-66.64,0.0,66.64,0.0,1.0,47.761,143.28300000000002,47.761,-143.28300000000002,0.0,143.28300000000002,0.0,0.0,0.0,22.08899999999999,130.15,143.28300000000002,0.0,47.761
133,70.037,113.52,0.0,0.0,0.0,0.0,0.0,0.0,200.0,200.0,0.0,-22.08899999999999,22.08899999999999,0.0,520.8899999999999,0.0,1.0,0.0,0.0,1.0,66.64,130.15,20000.0,47.761,-66.64,0.0,66.64,0.0,1.0,47.761,143.28300000000002,47.761,-143.28300000000002,0.0,143.28300000000002,0.0,0.0,0.0,22.08899999999999,130.15,143.28300000000002,0.0,47.761
134,70.037,113.52,0.0,0.0,0.0,0.0,0.0,0.0,200.0,200.0,0.0,-100.0,100.0,0.0,620.8899999999999,0.0,1.0,0.0,0.0,1.0,37.45702567804232,73.15450979197236,11241.604345150756,26.84549020802764,-37.45702567804232,0.0,37.45702567804232,0.0,1.0,26.84549020802764,80.53647062408292,26.84549020802764,-80.53647062408292,0.0,80.53647062408292,0.0,0.0,0.0,100.0,73.15450979197236,80.53647062408292,0.0,26.84549020802764
135,70.037,119.14,-0.0,0.0,-0.0,0.0,0.0,0.0,200.0,200.0,0.0,-22.08899999999999,22.08899999999999,0.0,642.9789999999998,0.0,1.0,0.0,0.0,1.0,66.64,130.15,20000.0,47.761,-66.64,0.0,66.64,0.0,1.0,47.761,143.28300000000002,47.761,-143.28300000000002,0.0,143.28300000000002,0.0,0.0,0.0,22.08899999999999,130.15,143.28300000000002,0.0,47.761
136,70.037,147.22,0.0,0.0,0.0,0.0,0.0,0.0,-100.0,0.0,100.0,100.0,0.0,100.0,542.9789999999998,1.0,-0.0,1.0,0.0,0.0,0.0,0.0,0.0,0.0,0.0,0.0,0.0,0.0,-0.0,0.0,0.0,0.0,0.0,0.0,0.0,0.0,0.0,100.0,0.0,0.0,0.0,0.0,0.0
137,70.037,153.4,-0.0,0.0,-0.0,0.0,0.0,0.0,-100.0,0.0,100.0,100.0,0.0,100.0,442.9789999999998,1.0,-0.0,-0.0,0.0,0.0,0.0,0.0,0.0,0.0,0.0,0.0,0.0,0.0,-0.0,0.0,0.0,0.0,0.0,0.0,0.0,0.0,0.0,100.0,0.0,0.0,0.0,0.0,0.0
138,70.037,153.4,0.0,0.0,0.0,0.0,0.0,0.0,-100.0,0.0,100.0,100.0,0.0,100.0,342.9789999999998,1.0,-0.0,-0.0,0.0,0.0,0.0,0.0,0.0,0.0,0.0,0.0,0.0,0.0,-0.0,0.0,0.0,0.0,0.0,0.0,0.0,0.0,0.0,100.0,0.0,0.0,0.0,0.0,0.0
139,70.037,153.4,0.0,0.0,0.0,0.0,0.0,0.0,-100.0,0.0,100.0,100.0,0.0,100.0,242.97899999999981,1.0,-0.0,-0.0,0.0,0.0,0.0,0.0,0.0,0.0,0.0,0.0,0.0,0.0,-0.0,0.0,0.0,0.0,0.0,0.0,0.0,0.0,0.0,100.0,0.0,0.0,0.0,0.0,0.0
140,70.037,147.22,0.0,0.0,0.0,0.0,0.0,0.0,-100.0,0.0,100.0,100.0,0.0,100.0,142.97899999999981,1.0,-0.0,-0.0,0.0,0.0,0.0,0.0,0.0,0.0,0.0,0.0,0.0,0.0,-0.0,0.0,0.0,0.0,0.0,0.0,0.0,0.0,0.0,100.0,0.0,0.0,0.0,0.0,0.0
141,70.037,133.18,0.0,0.0,0.0,0.0,0.0,0.0,-100.0,0.0,100.0,100.0,0.0,100.0,42.978999999999814,1.0,-0.0,-0.0,0.0,0.0,0.0,0.0,0.0,0.0,0.0,0.0,0.0,0.0,-0.0,0.0,0.0,0.0,0.0,0.0,0.0,0.0,0.0,100.0,0.0,0.0,0.0,0.0,0.0
142,70.037,125.27,0.0,0.0,0.0,0.0,0.0,0.0,200.0,200.0,0.0,-100.0,100.0,0.0,142.97899999999981,0.0,1.0,1.0,0.0,1.0,37.45702567804232,73.15450979197236,11241.604345150756,26.84549020802764,-37.45702567804232,0.0,37.45702567804232,0.0,1.0,26.84549020802764,80.53647062408292,26.84549020802764,-80.53647062408292,0.0,80.53647062408292,0.0,0.0,0.0,100.0,73.15450979197236,80.53647062408292,0.0,26.84549020802764
143,70.037,127.15,0.0,0.0,0.0,0.0,0.0,0.0,200.0,200.0,0.0,-22.08899999999999,22.08899999999999,0.0,165.0679999999998,0.0,1.0,0.0,0.0,1.0,66.64,130.15,20000.0,47.761,-66.64,0.0,66.64,0.0,1.0,47.761,143.28300000000002,47.761,-143.28300000000002,0.0,143.28300000000002,0.0,0.0,0.0,22.08899999999999,130.15,143.28300000000002,0.0,47.761
144,70.037,124.78,0.0,0.0,0.0,0.0,0.0,0.0,200.0,200.0,0.0,-22.08899999999999,22.08899999999999,0.0,187.1569999999998,0.0,1.0,-0.0,0.0,1.0,66.64,130.15,20000.0,47.761,-66.64,0.0,66.64,0.0,1.0,47.761,143.28300000000002,47.761,-143.28300000000002,0.0,143.28300000000002,0.0,0.0,0.0,22.08899999999999,130.15,143.28300000000002,0.0,47.761
145,70.037,114.12,0.0,0.0,0.0,0.0,0.0,0.0,200.0,200.0,0.0,-22.08899999999999,22.08899999999999,0.0,209.2459999999998,0.0,1.0,0.0,0.0,1.0,66.64,130.15,20000.0,47.761,-66.64,0.0,66.64,0.0,1.0,47.761,143.28300000000002,47.761,-143.28300000000002,0.0,143.28300000000002,0.0,0.0,0.0,22.08899999999999,130.15,143.28300000000002,0.0,47.761
146,70.037,113.79,0.0,0.0,0.0,0.0,0.0,0.0,200.0,200.0,0.0,-22.08899999999999,22.08899999999999,0.0,231.3349999999998,0.0,1.0,0.0,0.0,1.0,66.64,130.15,20000.0,47.761,-66.64,0.0,66.64,0.0,1.0,47.761,143.28300000000002,47.761,-143.28300000000002,0.0,143.28300000000002,0.0,0.0,0.0,22.08899999999999,130.15,143.28300000000002,0.0,47.761
147,70.037,113.79,0.0,0.0,0.0,0.0,0.0,0.0,200.0,200.0,0.0,-22.08899999999999,22.08899999999999,0.0,253.4239999999998,0.0,1.0,0.0,0.0,1.0,66.64,130.15,20000.0,47.761,-66.64,0.0,66.64,0.0,1.0,47.761,143.28300000000002,47.761,-143.28300000000002,0.0,143.28300000000002,0.0,0.0,0.0,22.08899999999999,130.15,143.28300000000002,0.0,47.761
148,70.037,111.79,0.0,0.0,0.0,0.0,0.0,0.0,200.0,200.0,0.0,-22.08899999999999,22.08899999999999,0.0,275.5129999999998,0.0,1.0,0.0,0.0,1.0,66.64,130.15,20000.0,47.761,-66.64,0.0,66.64,0.0,1.0,47.761,143.28300000000002,47.761,-143.28300000000002,0.0,143.28300000000002,0.0,0.0,0.0,22.08899999999999,130.15,143.28300000000002,0.0,47.761
149,70.037,111.78,0.0,0.0,0.0,0.0,0.0,0.0,200.0,200.0,0.0,-22.08899999999999,22.08899999999999,0.0,297.6019999999998,0.0,1.0,0.0,0.0,1.0,66.64,130.15,20000.0,47.761,-66.64,0.0,66.64,0.0,1.0,47.761,143.28300000000002,47.761,-143.28300000000002,0.0,143.28300000000002,0.0,0.0,0.0,22.08899999999999,130.15,143.28300000000002,0.0,47.761
150,70.037,111.78,0.0,0.0,0.0,0.0,0.0,0.0,200.0,200.0,0.0,-22.08899999999999,22.08899999999999,0.0,319.6909999999998,0.0,1.0,0.0,0.0,1.0,66.64,130.15,20000.0,47.761,-66.64,0.0,66.64,0.0,1.0,47.761,143.28300000000002,47.761,-143.28300000000002,0.0,143.28300000000002,0.0,0.0,0.0,22.08899999999999,130.15,143.28300000000002,0.0,47.761
151,70.037,111.78,0.0,0.0,0.0,0.0,0.0,0.0,200.0,200.0,0.0,-22.08899999999999,22.08899999999999,0.0,341.7799999999998,0.0,1.0,0.0,0.0,1.0,66.64,130.15,20000.0,47.761,-66.64,0.0,66.64,0.0,1.0,47.761,143.28300000000002,47.761,-143.28300000000002,0.0,143.28300000000002,0.0,0.0,0.0,22.08899999999999,130.15,143.28300000000002,0.0,47.761
152,70.037,111.78,0.0,0.0,0.0,0.0,0.0,0.0,200.0,200.0,0.0,-22.08899999999999,22.08899999999999,0.0,363.8689999999998,0.0,1.0,0.0,0.0,1.0,66.64,130.15,20000.0,47.761,-66.64,0.0,66.64,0.0,1.0,47.761,143.28300000000002,47.761,-143.28300000000002,0.0,143.28300000000002,0.0,0.0,0.0,22.08899999999999,130.15,143.28300000000002,0.0,47.761
153,70.037,111.78,0.0,0.0,0.0,0.0,0.0,0.0,199.99118,200.0,0.00882,-22.08899999999999,22.08899999999999,0.0,385.9579999999998,0.0,1.0,0.0,0.00882,1.0,66.64,130.15,20000.0,47.761,-66.64,0.0,66.64,0.0,1.0,47.761,143.28300000000002,47.761,-143.28300000000002,0.0,143.28300000000002,0.0,0.00882,0.0,22.08899999999999,130.15,143.28300000000002,0.0,47.761
154,70.037,111.78,0.0,0.0,0.0,0.0,0.0,0.0,200.0,200.0,0.0,-22.08899999999999,22.08899999999999,0.0,408.0469999999998,0.0,1.0,0.0,0.0,1.0,66.64,130.15,20000.0,47.761,-66.64,0.0,66.64,0.0,1.0,47.761,143.28300000000002,47.761,-143.28300000000002,0.0,143.28300000000002,0.0,0.0,0.0,22.08899999999999,130.15,143.28300000000002,0.0,47.761
155,70.037,109.96,0.0,0.0,0.0,0.0,0.0,0.0,200.0,200.0,0.0,-22.08899999999999,22.08899999999999,0.0,430.1359999999998,0.0,1.0,0.0,0.0,1.0,66.64,130.15,20000.0,47.761,-66.64,0.0,66.64,0.0,1.0,47.761,143.28300000000002,47.761,-143.28300000000002,0.0,143.28300000000002,0.0,0.0,0.0,22.08899999999999,130.15,143.28300000000002,0.0,47.761
156,70.037,109.96,0.0,0.0,0.0,0.0,0.0,0.0,200.0,200.0,0.0,-22.08899999999999,22.08899999999999,0.0,452.2249999999998,0.0,1.0,0.0,0.0,1.0,66.64,130.15,20000.0,47.761,-66.64,0.0,66.64,0.0,1.0,47.761,143.28300000000002,47.761,-143.28300000000002,0.0,143.28300000000002,0.0,0.0,0.0,22.08899999999999,130.15,143.28300000000002,0.0,47.761
157,70.037,109.96,0.0,0.0,0.0,0.0,0.0,0.0,200.0,200.0,0.0,-22.08899999999999,22.08899999999999,0.0,474.3139999999998,0.0,1.0,0.0,0.0,1.0,66.64,130.15,20000.0,47.761,-66.64,0.0,66.64,0.0,1.0,47.761,143.28300000000002,47.761,-143.28300000000002,0.0,143.28300000000002,0.0,0.0,0.0,22.08899999999999,130.15,143.28300000000002,0.0,47.761
158,70.037,109.96,0.0,0.0,0.0,0.0,0.0,0.0,200.0,200.0,0.0,-22.08899999999999,22.08899999999999,0.0,496.4029999999998,0.0,1.0,0.0,0.0,1.0,66.64,130.15,20000.0,47.761,-66.64,0.0,66.64,0.0,1.0,47.761,143.28300000000002,47.761,-143.28300000000002,0.0,143.28300000000002,0.0,0.0,0.0,22.08899999999999,130.15,143.28300000000002,0.0,47.761
159,70.037,111.78,0.0,0.0,0.0,0.0,0.0,0.0,199.90886,200.0,0.09114,-81.50800000000027,81.50800000000027,0.0,577.9110000000001,0.0,1.0,0.0,0.09114,1.0,44.38353876556056,86.6822607504613,13320.3897855824,31.80973924953843,-44.38353876556056,0.0,44.38353876556056,0.0,1.0,31.809739249538428,95.42921774861529,31.80973924953843,-95.42921774861529,0.0,95.42921774861529,0.0,0.09114,0.0,81.50800000000027,86.6822607504613,95.42921774861529,0.0,31.809739249538428
160,70.037,128.57,0.0,0.0,0.0,0.0,0.0,0.0,200.0,200.0,0.0,-22.08899999999999,22.08899999999999,0.0,600.0,0.0,1.0,0.0,0.0,1.0,66.64,130.15,20000.0,47.761,-66.64,0.0,66.64,0.0,1.0,47.761,143.28300000000002,47.761,-143.28300000000002,0.0,143.28300000000002,0.0,0.0,0.0,22.08899999999999,130.15,143.28300000000002,0.0,47.761
161,70.037,153.67,-0.0,0.0,-0.0,0.0,0.0,0.0,-100.0,0.0,100.0,100.0,0.0,100.0,500.0,1.0,-0.0,1.0,0.0,0.0,0.0,0.0,0.0,0.0,0.0,0.0,0.0,0.0,-0.0,0.0,0.0,0.0,0.0,0.0,0.0,0.0,0.0,100.0,0.0,0.0,0.0,0.0,0.0
162,70.037,153.67,0.0,0.0,0.0,0.0,0.0,0.0,-100.0,0.0,100.0,100.0,0.0,100.0,400.0,1.0,-0.0,-0.0,0.0,0.0,0.0,0.0,0.0,0.0,0.0,0.0,0.0,0.0,-0.0,0.0,0.0,0.0,0.0,0.0,0.0,0.0,0.0,100.0,0.0,0.0,0.0,0.0,0.0
163,70.037,153.67,0.0,0.0,0.0,0.0,0.0,0.0,-100.0,0.0,100.0,100.0,0.0,100.0,300.0,1.0,-0.0,-0.0,0.0,0.0,0.0,0.0,0.0,0.0,0.0,0.0,0.0,0.0,-0.0,0.0,0.0,0.0,0.0,0.0,0.0,0.0,0.0,100.0,0.0,0.0,0.0,0.0,0.0
164,70.037,153.67,0.0,0.0,0.0,0.0,0.0,0.0,-100.0,0.0,100.0,100.0,0.0,100.0,200.0,1.0,-0.0,-0.0,0.0,0.0,0.0,0.0,0.0,0.0,0.0,0.0,0.0,0.0,-0.0,0.0,0.0,0.0,0.0,0.0,0.0,0.0,0.0,100.0,0.0,0.0,0.0,0.0,0.0
165,70.037,147.22,0.0,0.0,0.0,0.0,0.0,0.0,-100.0,0.0,100.0,100.0,0.0,100.0,100.0,1.0,-0.0,-0.0,0.0,0.0,0.0,0.0,0.0,0.0,0.0,0.0,0.0,0.0,-0.0,0.0,0.0,0.0,0.0,0.0,0.0,0.0,0.0,100.0,0.0,0.0,0.0,0.0,0.0
166,70.037,133.32,0.0,0.0,0.0,0.0,0.0,0.0,-100.0,0.0,100.0,100.0,0.0,100.0,0.0,1.0,-0.0,-0.0,0.0,0.0,0.0,0.0,0.0,0.0,0.0,0.0,0.0,0.0,-0.0,0.0,0.0,0.0,0.0,0.0,0.0,0.0,0.0,100.0,0.0,0.0,0.0,0.0,0.0
167,70.037,127.89,0.0,0.0,0.0,0.0,0.0,0.0,177.911,177.911,0.0,0.0,0.0,0.0,0.0,1.0,-0.0,-0.0,0.0,1.0,66.64,130.15,20000.0,47.761,-66.64,0.0,66.64,0.0,1.0,47.761,143.28300000000002,47.761,-143.28300000000002,0.0,143.28300000000002,0.0,0.0,0.0,0.0,130.15,143.28300000000002,0.0,47.761
168,70.037,124.92,0.0,0.0,0.0,0.0,0.0,0.0,177.911,177.911,0.0,0.0,0.0,0.0,0.0,1.0,0.0,-0.0,0.0,1.0,66.64,130.15,20000.0,47.761,-66.64,0.0,66.64,0.0,1.0,47.761,143.28300000000002,47.761,-143.28300000000002,0.0,143.28300000000002,0.0,0.0,0.0,0.0,130.15,143.28300000000002,0.0,47.761
