t,gas_price,power_price,hydrogen_price,heat_demand,local_heat_demand,supply_temperature,return_temperature,solar_thermal_heat_profile,normalized_solar_thermal_heat_profile,heatpump_s1.delta_T_min,heatpump_s1.R,heatpump_s1.k,heatpump_s1.T_q,heatpump_s1.T_k,heatpump_s1.p1,heatpump_s1.p2,heatpump_s1.p3,heatpump_s1.p4,heatpump_s1.T1,heatpump_s1.T2,heatpump_s1.T3,heatpump_s1.T4,heatpump_s1.h1,heatpump_s1.h2,heatpump_s1.h3,heatpump_s1.h4,heatpump_s1.electrical_efficiency_compressor,heatpump_s1.n,heatpump_s1.z,heatpump_s2.delta_T_min,heatpump_s2.R,heatpump_s2.k,heatpump_s2.T_q,heatpump_s2.T_k,heatpump_s2.p1,heatpump_s2.p2,heatpump_s2.p3,heatpump_s2.p4,heatpump_s2.T1,heatpump_s2.T2,heatpump_s2.T3,heatpump_s2.T4,heatpump_s2.h1,heatpump_s2.h2,heatpump_s2.h3,heatpump_s2.h4,heatpump_s2.electrical_efficiency_compressor,heatpump_s2.n,heatpump_s2.z,solar_thermal.bin,heatpump_s1.ideal_cop,heatpump_s1.d,heatpump_s1.real_cop,heatpump_s2.ideal_cop,heatpump_s2.d,heatpump_s2.real_cop
1,70.037,114.12,197.35023348238866,96.554,1.3225777158149064,80.0,55.0,0.0,0.0,5,488,1.31,289.15,308.15,550000.0,1600000,1600000,550000.0,281.15,358.15,313.15,281.15,1480,1625,395,395,0.9,25.0,6,5,488,1.31,303.15,353.15,1000000,4500000,4500000,1000000,298.15,418.15,358.15,298.15,1490,1710,650,650,0.9,25.0,6,0,9.7859375,0.6436288679546543,6.298511875,5.969166666666666,0.6119323747033366,3.6527263333333333
2,70.037,113.79,197.35023348238866,97.699,1.3748408683440645,80.0,55.0,0.0,0.0,5,488,1.31,289.15,308.15,550000.0,1600000,1600000,550000.0,281.15,358.15,313.15,281.15,1480,1625,395,395,0.9,25.0,6,5,488,1.31,303.15,353.15,1000000,4500000,4500000,1000000,298.15,418.15,358.15,298.15,1490,1710,650,650,0.9,25.0,6,0,9.7859375,0.6436288679546543,6.298511875,5.969166666666666,0.6119323747033366,3.6527263333333333
3,70.037,113.79,197.35023348238866,95.31750000000001,1.3690296776543576,80.0,55.0,0.0,0.0,5,488,1.31,289.15,308.15,550000.0,1600000,1600000,550000.0,281.15,358.15,313.15,281.15,1480,1625,395,395,0.9,25.0,6,5,488,1.31,303.15,353.15,1000000,4500000,4500000,1000000,298.15,418.15,358.15,298.15,1490,1710,650,650,0.9,25.0,6,0,9.7859375,0.6436288679546543,6.298511875,5.969166666666666,0.6119323747033366,3.6527263333333333
4,70.037,111.79,197.35023348238866,95.744,1.4204523757312997,80.0,55.0,0.0,0.0,5,488,1.31,289.15,308.15,550000.0,1600000,1600000,550000.0,281.15,358.15,313.15,281.15,1480,1625,395,395,0.9,25.0,6,5,488,1.31,303.15,353.15,1000000,4500000,4500000,1000000,298.15,418.15,358.15,298.15,1490,1710,650,650,0.9,25.0,6,0,9.7859375,0.6436288679546543,6.298511875,5.969166666666666,0.6119323747033366,3.6527263333333333
5,70.037,111.78,197.35023348238866,94.039,1.4651911424090494,80.0,55.0,0.0,0.0,5,488,1.31,289.15,308.15,550000.0,1600000,1600000,550000.0,281.15,358.15,313.15,281.15,1480,1625,395,395,0.9,25.0,6,5,488,1.31,303.15,353.15,1000000,4500000,4500000,1000000,298.15,418.15,358.15,298.15,1490,1710,650,650,0.9,25.0,6,0,9.7859375,0.6436288679546543,6.298511875,5.969166666666666,0.6119323747033366,3.6527263333333333
6,70.037,111.78,197.35023348238866,94.843,1.794257431193237,80.0,55.0,0.0,0.0,5,488,1.31,289.15,308.15,550000.0,1600000,1600000,550000.0,281.15,358.15,313.15,281.15,1480,1625,395,395,0.9,25.0,6,5,488,1.31,303.15,353.15,1000000,4500000,4500000,1000000,298.15,418.15,358.15,298.15,1490,1710,650,650,0.9,25.0,6,0,9.7859375,0.6436288679546543,6.298511875,5.969166666666666,0.6119323747033366,3.6527263333333333
7,70.037,111.78,197.35023348238866,94.607,2.0578563910896768,80.0,55.0,0.0,0.0,5,488,1.31,289.15,308.15,550000.0,1600000,1600000,550000.0,281.15,358.15,313.15,281.15,1480,1625,395,395,0.9,25.0,6,5,488,1.31,303.15,353.15,1000000,4500000,4500000,1000000,298.15,418.15,358.15,298.15,1490,1710,650,650,0.9,25.0,6,0,9.7859375,0.6436288679546543,6.298511875,5.969166666666666,0.6119323747033366,3.6527263333333333
8,70.037,111.78,197.35023348238866,96.8815,2.085524903864958,80.0,55.0,0.0,0.0,5,488,1.31,289.15,308.15,550000.0,1600000,1600000,550000.0,281.15,358.15,313.15,281.15,1480,1625,395,395,0.9,25.0,6,5,488,1.31,303.15,353.15,1000000,4500000,4500000,1000000,298.15,418.15,358.15,298.15,1490,1710,650,650,0.9,25.0,6,0,9.7859375,0.6436288679546543,6.298511875,5.969166666666666,0.6119323747033366,3.6527263333333333
9,70.037,151.32,197.35023348238866,104.853,2.5295032837296487,80.0,55.0,0.0002548868716609,0.0002548868716609,5,488,1.31,289.15,308.15,550000.0,1600000,1600000,550000.0,281.15,358.15,313.15,281.15,1480,1625,395,395,0.9,25.0,6,5,488,1.31,303.15,353.15,1000000,4500000,4500000,1000000,298.15,418.15,358.15,298.15,1490,1710,650,650,0.9,25.0,6,0,9.7859375,0.6436288679546543,6.298511875,5.969166666666666,0.6119323747033366,3.6527263333333333
10,70.037,151.32,197.35023348238866,111.2905,2.549405857771298,80.0,55.0,0.3352177881136935,0.3352177881136935,5,488,1.31,289.15,308.15,550000.0,1600000,1600000,550000.0,281.15,358.15,313.15,281.15,1480,1625,395,395,0.9,25.0,6,5,488,1.31,303.15,353.15,1000000,4500000,4500000,1000000,298.15,418.15,358.15,298.15,1490,1710,650,650,0.9,25.0,6,0,9.7859375,0.6436288679546543,6.298511875,5.969166666666666,0.6119323747033366,3.6527263333333333
11,70.037,148.86,197.35023348238866,92.264,2.50901451296318,80.0,55.0,0.9234408937558466,0.9234408937558466,5,488,1.31,289.15,308.15,550000.0,1600000,1600000,550000.0,281.15,358.15,313.15,281.15,1480,1625,395,395,0.9,25.0,6,5,488,1.31,303.15,353.15,1000000,4500000,4500000,1000000,298.15,418.15,358.15,298.15,1490,1710,650,650,0.9,25.0,6,0,9.7859375,0.6436288679546543,6.298511875,5.969166666666666,0.6119323747033366,3.6527263333333333
12,70.037,148.86,197.35023348238866,81.636,2.3149697623022414,80.0,55.0,0.6452578749757606,0.6452578749757606,5,488,1.31,289.15,308.15,550000.0,1600000,1600000,550000.0,281.15,358.15,313.15,281.15,1480,1625,395,395,0.9,25.0,6,5,488,1.31,303.15,353.15,1000000,4500000,4500000,1000000,298.15,418.15,358.15,298.15,1490,1710,650,650,0.9,25.0,6,0,9.7859375,0.6436288679546543,6.298511875,5.969166666666666,0.6119323747033366,3.6527263333333333
13,70.037,148.86,197.35023348238866,69.94800000000001,2.214325980473928,80.0,55.0,0.0272859362341248,0.0272859362341248,5,488,1.31,289.15,308.15,550000.0,1600000,1600000,550000.0,281.15,358.15,313.15,281.15,1480,1625,395,395,0.9,25.0,6,5,488,1.31,303.15,353.15,1000000,4500000,4500000,1000000,298.15,418.15,358.15,298.15,1490,1710,650,650,0.9,25.0,6,0,9.7859375,0.6436288679546543,6.298511875,5.969166666666666,0.6119323747033366,3.6527263333333333
14,70.037,148.86,197.35023348238866,70.9615,2.107718519129761,80.0,55.0,0.0,0.0,5,488,1.31,289.15,308.15,550000.0,1600000,1600000,550000.0,281.15,358.15,313.15,281.15,1480,1625,395,395,0.9,25.0,6,5,488,1.31,303.15,353.15,1000000,4500000,4500000,1000000,298.15,418.15,358.15,298.15,1490,1710,650,650,0.9,25.0,6,0,9.7859375,0.6436288679546543,6.298511875,5.969166666666666,0.6119323747033366,3.6527263333333333
15,70.037,151.32,197.35023348238866,76.8875,2.030303162242924,80.0,55.0,0.0548688246066607,0.0548688246066607,5,488,1.31,289.15,308.15,550000.0,1600000,1600000,550000.0,281.15,358.15,313.15,281.15,1480,1625,395,395,0.9,25.0,6,5,488,1.31,303.15,353.15,1000000,4500000,4500000,1000000,298.15,418.15,358.15,298.15,1490,1710,650,650,0.9,25.0,6,0,9.7859375,0.6436288679546543,6.298511875,5.969166666666666,0.6119323747033366,3.6527263333333333
16,70.037,174.05,197.35023348238866,90.12,2.143154068716813,80.0,55.0,0.0,0.0,5,488,1.31,289.15,308.15,550000.0,1600000,1600000,550000.0,281.15,358.15,313.15,281.15,1480,1625,395,395,0.9,25.0,6,5,488,1.31,303.15,353.15,1000000,4500000,4500000,1000000,298.15,418.15,358.15,298.15,1490,1710,650,650,0.9,25.0,6,0,9.7859375,0.6436288679546543,6.298511875,5.969166666666666,0.6119323747033366,3.6527263333333333
17,70.037,208.02,197.35023348238866,97.587,2.427362385273303,80.0,55.0,0.0,0.0,5,488,1.31,289.15,308.15,550000.0,1600000,1600000,550000.0,281.15,358.15,313.15,281.15,1480,1625,395,395,0.9,25.0,6,5,488,1.31,303.15,353.15,1000000,4500000,4500000,1000000,298.15,418.15,358.15,298.15,1490,1710,650,650,0.9,25.0,6,0,9.7859375,0.6436288679546543,6.298511875,5.969166666666666,0.6119323747033366,3.6527263333333333
18,70.037,208.02,197.35023348238866,103.3205,2.525871697460832,80.0,55.0,0.0,0.0,5,488,1.31,289.15,308.15,550000.0,1600000,1600000,550000.0,281.15,358.15,313.15,281.15,1480,1625,395,395,0.9,25.0,6,5,488,1.31,303.15,353.15,1000000,4500000,4500000,1000000,298.15,418.15,358.15,298.15,1490,1710,650,650,0.9,25.0,6,0,9.7859375,0.6436288679546543,6.298511875,5.969166666666666,0.6119323747033366,3.6527263333333333
19,70.037,208.02,197.35023348238866,98.99650000000001,2.6688469599540747,80.0,55.0,0.0,0.0,5,488,1.31,289.15,308.15,550000.0,1600000,1600000,550000.0,281.15,358.15,313.15,281.15,1480,1625,395,395,0.9,25.0,6,5,488,1.31,303.15,353.15,1000000,4500000,4500000,1000000,298.15,418.15,358.15,298.15,1490,1710,650,650,0.9,25.0,6,0,9.7859375,0.6436288679546543,6.298511875,5.969166666666666,0.6119323747033366,3.6527263333333333
20,70.037,208.02,197.35023348238866,102.1785,2.6582071685366797,80.0,55.0,0.0,0.0,5,488,1.31,289.15,308.15,550000.0,1600000,1600000,550000.0,281.15,358.15,313.15,281.15,1480,1625,395,395,0.9,25.0,6,5,488,1.31,303.15,353.15,1000000,4500000,4500000,1000000,298.15,418.15,358.15,298.15,1490,1710,650,650,0.9,25.0,6,0,9.7859375,0.6436288679546543,6.298511875,5.969166666666666,0.6119323747033366,3.6527263333333333
21,70.037,147.22,197.35023348238866,100.584,2.5507935179307775,80.0,55.0,0.0,0.0,5,488,1.31,289.15,308.15,550000.0,1600000,1600000,550000.0,281.15,358.15,313.15,281.15,1480,1625,395,395,0.9,25.0,6,5,488,1.31,303.15,353.15,1000000,4500000,4500000,1000000,298.15,418.15,358.15,298.15,1490,1710,650,650,0.9,25.0,6,0,9.7859375,0.6436288679546543,6.298511875,5.969166666666666,0.6119323747033366,3.6527263333333333
22,70.037,133.32,197.35023348238866,117.04,2.3965509963142386,80.0,55.0,0.0,0.0,5,488,1.31,289.15,308.15,550000.0,1600000,1600000,550000.0,281.15,358.15,313.15,281.15,1480,1625,395,395,0.9,25.0,6,5,488,1.31,303.15,353.15,1000000,4500000,4500000,1000000,298.15,418.15,358.15,298.15,1490,1710,650,650,0.9,25.0,6,0,9.7859375,0.6436288679546543,6.298511875,5.969166666666666,0.6119323747033366,3.6527263333333333
23,70.037,127.89,197.35023348238866,102.8665,2.2627770892196093,80.0,55.0,0.0,0.0,5,488,1.31,289.15,308.15,550000.0,1600000,1600000,550000.0,281.15,358.15,313.15,281.15,1480,1625,395,395,0.9,25.0,6,5,488,1.31,303.15,353.15,1000000,4500000,4500000,1000000,298.15,418.15,358.15,298.15,1490,1710,650,650,0.9,25.0,6,0,9.7859375,0.6436288679546543,6.298511875,5.969166666666666,0.6119323747033366,3.6527263333333333
24,70.037,124.92,197.35023348238866,107.9585,1.8620004249954798,80.0,55.0,0.0,0.0,5,488,1.31,289.15,308.15,550000.0,1600000,1600000,550000.0,281.15,358.15,313.15,281.15,1480,1625,395,395,0.9,25.0,6,5,488,1.31,303.15,353.15,1000000,4500000,4500000,1000000,298.15,418.15,358.15,298.15,1490,1710,650,650,0.9,25.0,6,0,9.7859375,0.6436288679546543,6.298511875,5.969166666666666,0.6119323747033366,3.6527263333333333
25,70.037,44.46,197.35023348238866,107.598,1.4085673987001932,80.0,55.0,0.0,0.0,5,488,1.31,289.15,308.15,550000.0,1600000,1600000,550000.0,281.15,358.15,313.15,281.15,1480,1625,395,395,0.9,25.0,6,5,488,1.31,303.15,353.15,1000000,4500000,4500000,1000000,298.15,418.15,358.15,298.15,1490,1710,650,650,0.9,25.0,6,0,9.7859375,0.6436288679546543,6.298511875,5.969166666666666,0.6119323747033366,3.6527263333333333
26,70.037,40.67,197.35023348238866,107.668,1.4110686930104834,80.0,55.0,0.0,0.0,5,488,1.31,289.15,308.15,550000.0,1600000,1600000,550000.0,281.15,358.15,313.15,281.15,1480,1625,395,395,0.9,25.0,6,5,488,1.31,303.15,353.15,1000000,4500000,4500000,1000000,298.15,418.15,358.15,298.15,1490,1710,650,650,0.9,25.0,6,0,9.7859375,0.6436288679546543,6.298511875,5.969166666666666,0.6119323747033366,3.6527263333333333
27,70.037,40.66,197.35023348238866,102.445,1.2890430186696111,80.0,55.0,0.0,0.0,5,488,1.31,289.15,308.15,550000.0,1600000,1600000,550000.0,281.15,358.15,313.15,281.15,1480,1625,395,395,0.9,25.0,6,5,488,1.31,303.15,353.15,1000000,4500000,4500000,1000000,298.15,418.15,358.15,298.15,1490,1710,650,650,0.9,25.0,6,0,9.7859375,0.6436288679546543,6.298511875,5.969166666666666,0.6119323747033366,3.6527263333333333
28,70.037,40.66,197.35023348238866,104.261,1.3312957002956283,80.0,55.0,0.0,0.0,5,488,1.31,289.15,308.15,550000.0,1600000,1600000,550000.0,281.15,358.15,313.15,281.15,1480,1625,395,395,0.9,25.0,6,5,488,1.31,303.15,353.15,1000000,4500000,4500000,1000000,298.15,418.15,358.15,298.15,1490,1710,650,650,0.9,25.0,6,0,9.7859375,0.6436288679546543,6.298511875,5.969166666666666,0.6119323747033366,3.6527263333333333
29,70.037,40.67,197.35023348238866,87.5835,1.4521191998524636,80.0,55.0,0.0,0.0,5,488,1.31,289.15,308.15,550000.0,1600000,1600000,550000.0,281.15,358.15,313.15,281.15,1480,1625,395,395,0.9,25.0,6,5,488,1.31,303.15,353.15,1000000,4500000,4500000,1000000,298.15,418.15,358.15,298.15,1490,1710,650,650,0.9,25.0,6,0,9.7859375,0.6436288679546543,6.298511875,5.969166666666666,0.6119323747033366,3.6527263333333333
30,70.037,44.46,197.35023348238866,82.23899999999999,1.7867858097522977,80.0,55.0,0.0,0.0,5,488,1.31,289.15,308.15,550000.0,1600000,1600000,550000.0,281.15,358.15,313.15,281.15,1480,1625,395,395,0.9,25.0,6,5,488,1.31,303.15,353.15,1000000,4500000,4500000,1000000,298.15,418.15,358.15,298.15,1490,1710,650,650,0.9,25.0,6,0,9.7859375,0.6436288679546543,6.298511875,5.969166666666666,0.6119323747033366,3.6527263333333333
31,70.037,44.46,197.35023348238866,84.7195,1.976541690134265,80.0,55.0,0.0,0.0,5,488,1.31,289.15,308.15,550000.0,1600000,1600000,550000.0,281.15,358.15,313.15,281.15,1480,1625,395,395,0.9,25.0,6,5,488,1.31,303.15,353.15,1000000,4500000,4500000,1000000,298.15,418.15,358.15,298.15,1490,1710,650,650,0.9,25.0,6,0,9.7859375,0.6436288679546543,6.298511875,5.969166666666666,0.6119323747033366,3.6527263333333333
32,70.037,81.98,197.35023348238866,72.81450000000001,2.058193142070429,80.0,55.0,0.0,0.0,5,488,1.31,289.15,308.15,550000.0,1600000,1600000,550000.0,281.15,358.15,313.15,281.15,1480,1625,395,395,0.9,25.0,6,5,488,1.31,303.15,353.15,1000000,4500000,4500000,1000000,298.15,418.15,358.15,298.15,1490,1710,650,650,0.9,25.0,6,0,9.7859375,0.6436288679546543,6.298511875,5.969166666666666,0.6119323747033366,3.6527263333333333
33,70.037,110.98,197.35023348238866,88.202,2.26211573143567,80.0,55.0,0.0091813396714961,0.0091813396714961,5,488,1.31,289.15,308.15,550000.0,1600000,1600000,550000.0,281.15,358.15,313.15,281.15,1480,1625,395,395,0.9,25.0,6,5,488,1.31,303.15,353.15,1000000,4500000,4500000,1000000,298.15,418.15,358.15,298.15,1490,1710,650,650,0.9,25.0,6,0,9.7859375,0.6436288679546543,6.298511875,5.969166666666666,0.6119323747033366,3.6527263333333333
34,70.037,110.98,197.35023348238866,93.3155,2.2760088131916887,80.0,55.0,0.0539360934793251,0.0539360934793251,5,488,1.31,289.15,308.15,550000.0,1600000,1600000,550000.0,281.15,358.15,313.15,281.15,1480,1625,395,395,0.9,25.0,6,5,488,1.31,303.15,353.15,1000000,4500000,4500000,1000000,298.15,418.15,358.15,298.15,1490,1710,650,650,0.9,25.0,6,0,9.7859375,0.6436288679546543,6.298511875,5.969166666666666,0.6119323747033366,3.6527263333333333
35,70.037,82.13,197.35023348238866,82.5275,2.346163725052145,80.0,55.0,0.081762562010153,0.081762562010153,5,488,1.31,289.15,308.15,550000.0,1600000,1600000,550000.0,281.15,358.15,313.15,281.15,1480,1625,395,395,0.9,25.0,6,5,488,1.31,303.15,353.15,1000000,4500000,4500000,1000000,298.15,418.15,358.15,298.15,1490,1710,650,650,0.9,25.0,6,0,9.7859375,0.6436288679546543,6.298511875,5.969166666666666,0.6119323747033366,3.6527263333333333
36,70.037,82.13,197.35023348238866,78.842,2.35342812540392,80.0,55.0,0.1162650058645536,0.1162650058645536,5,488,1.31,289.15,308.15,550000.0,1600000,1600000,550000.0,281.15,358.15,313.15,281.15,1480,1625,395,395,0.9,25.0,6,5,488,1.31,303.15,353.15,1000000,4500000,4500000,1000000,298.15,418.15,358.15,298.15,1490,1710,650,650,0.9,25.0,6,0,9.7859375,0.6436288679546543,6.298511875,5.969166666666666,0.6119323747033366,3.6527263333333333
37,70.037,82.13,197.35023348238866,72.65700000000001,2.3168322448561067,80.0,55.0,0.0856845908292463,0.0856845908292463,5,488,1.31,289.15,308.15,550000.0,1600000,1600000,550000.0,281.15,358.15,313.15,281.15,1480,1625,395,395,0.9,25.0,6,5,488,1.31,303.15,353.15,1000000,4500000,4500000,1000000,298.15,418.15,358.15,298.15,1490,1710,650,650,0.9,25.0,6,0,9.7859375,0.6436288679546543,6.298511875,5.969166666666666,0.6119323747033366,3.6527263333333333
38,70.037,82.13,197.35023348238866,73.2625,2.2469636262350163,80.0,55.0,0.0,0.0,5,488,1.31,289.15,308.15,550000.0,1600000,1600000,550000.0,281.15,358.15,313.15,281.15,1480,1625,395,395,0.9,25.0,6,5,488,1.31,303.15,353.15,1000000,4500000,4500000,1000000,298.15,418.15,358.15,298.15,1490,1710,650,650,0.9,25.0,6,0,9.7859375,0.6436288679546543,6.298511875,5.969166666666666,0.6119323747033366,3.6527263333333333
39,70.037,159.31,197.35023348238866,75.2925,2.2258782949288634,80.0,55.0,0.0,0.0,5,488,1.31,289.15,308.15,550000.0,1600000,1600000,550000.0,281.15,358.15,313.15,281.15,1480,1625,395,395,0.9,25.0,6,5,488,1.31,303.15,353.15,1000000,4500000,4500000,1000000,298.15,418.15,358.15,298.15,1490,1710,650,650,0.9,25.0,6,0,9.7859375,0.6436288679546543,6.298511875,5.969166666666666,0.6119323747033366,3.6527263333333333
40,70.037,166.53,197.35023348238866,79.5425,2.2455204197171375,80.0,55.0,0.0,0.0,5,488,1.31,289.15,308.15,550000.0,1600000,1600000,550000.0,281.15,358.15,313.15,281.15,1480,1625,395,395,0.9,25.0,6,5,488,1.31,303.15,353.15,1000000,4500000,4500000,1000000,298.15,418.15,358.15,298.15,1490,1710,650,650,0.9,25.0,6,0,9.7859375,0.6436288679546543,6.298511875,5.969166666666666,0.6119323747033366,3.6527263333333333
41,70.037,183.38,197.35023348238866,84.44800000000001,2.2611530869870435,80.0,55.0,0.0,0.0,5,488,1.31,289.15,308.15,550000.0,1600000,1600000,550000.0,281.15,358.15,313.15,281.15,1480,1625,395,395,0.9,25.0,6,5,488,1.31,303.15,353.15,1000000,4500000,4500000,1000000,298.15,418.15,358.15,298.15,1490,1710,650,650,0.9,25.0,6,0,9.7859375,0.6436288679546543,6.298511875,5.969166666666666,0.6119323747033366,3.6527263333333333
42,70.037,199.29,197.35023348238866,85.77499999999999,2.3176453442320604,80.0,55.0,0.0,0.0,5,488,1.31,289.15,308.15,550000.0,1600000,1600000,550000.0,281.15,358.15,313.15,281.15,1480,1625,395,395,0.9,25.0,6,5,488,1.31,303.15,353.15,1000000,4500000,4500000,1000000,298.15,418.15,358.15,298.15,1490,1710,650,650,0.9,25.0,6,0,9.7859375,0.6436288679546543,6.298511875,5.969166666666666,0.6119323747033366,3.6527263333333333
43,70.037,199.29,197.35023348238866,99.0625,2.3084270656065384,80.0,55.0,0.0,0.0,5,488,1.31,289.15,308.15,550000.0,1600000,1600000,550000.0,281.15,358.15,313.15,281.15,1480,1625,395,395,0.9,25.0,6,5,488,1.31,303.15,353.15,1000000,4500000,4500000,1000000,298.15,418.15,358.15,298.15,1490,1710,650,650,0.9,25.0,6,0,9.7859375,0.6436288679546543,6.298511875,5.969166666666666,0.6119323747033366,3.6527263333333333
44,70.037,199.29,197.35023348238866,92.3195,2.4727344197920864,80.0,55.0,0.0,0.0,5,488,1.31,289.15,308.15,550000.0,1600000,1600000,550000.0,281.15,358.15,313.15,281.15,1480,1625,395,395,0.9,25.0,6,5,488,1.31,303.15,353.15,1000000,4500000,4500000,1000000,298.15,418.15,358.15,298.15,1490,1710,650,650,0.9,25.0,6,0,9.7859375,0.6436288679546543,6.298511875,5.969166666666666,0.6119323747033366,3.6527263333333333
45,70.037,135.45,197.35023348238866,93.0215,2.549531731529508,80.0,55.0,0.0,0.0,5,488,1.31,289.15,308.15,550000.0,1600000,1600000,550000.0,281.15,358.15,313.15,281.15,1480,1625,395,395,0.9,25.0,6,5,488,1.31,303.15,353.15,1000000,4500000,4500000,1000000,298.15,418.15,358.15,298.15,1490,1710,650,650,0.9,25.0,6,0,9.7859375,0.6436288679546543,6.298511875,5.969166666666666,0.6119323747033366,3.6527263333333333
46,70.037,127.22,197.35023348238866,85.6655,2.2032450069980385,80.0,55.0,0.0,0.0,5,488,1.31,289.15,308.15,550000.0,1600000,1600000,550000.0,281.15,358.15,313.15,281.15,1480,1625,395,395,0.9,25.0,6,5,488,1.31,303.15,353.15,1000000,4500000,4500000,1000000,298.15,418.15,358.15,298.15,1490,1710,650,650,0.9,25.0,6,0,9.7859375,0.6436288679546543,6.298511875,5.969166666666666,0.6119323747033366,3.6527263333333333
47,70.037,122.43,197.35023348238866,88.23649999999999,2.100091833667525,80.0,55.0,0.0,0.0,5,488,1.31,289.15,308.15,550000.0,1600000,1600000,550000.0,281.15,358.15,313.15,281.15,1480,1625,395,395,0.9,25.0,6,5,488,1.31,303.15,353.15,1000000,4500000,4500000,1000000,298.15,418.15,358.15,298.15,1490,1710,650,650,0.9,25.0,6,0,9.7859375,0.6436288679546543,6.298511875,5.969166666666666,0.6119323747033366,3.6527263333333333
48,70.037,113.79,197.35023348238866,88.9615,1.7857757129989875,80.0,55.0,0.0,0.0,5,488,1.31,289.15,308.15,550000.0,1600000,1600000,550000.0,281.15,358.15,313.15,281.15,1480,1625,395,395,0.9,25.0,6,5,488,1.31,303.15,353.15,1000000,4500000,4500000,1000000,298.15,418.15,358.15,298.15,1490,1710,650,650,0.9,25.0,6,0,9.7859375,0.6436288679546543,6.298511875,5.969166666666666,0.6119323747033366,3.6527263333333333
49,70.037,112.77,189.13813527585262,86.45899999999999,1.3878085827297888,80.0,55.0,0.0,0.0,5,488,1.31,289.15,308.15,550000.0,1600000,1600000,550000.0,281.15,358.15,313.15,281.15,1480,1625,395,395,0.9,25.0,6,5,488,1.31,303.15,353.15,1000000,4500000,4500000,1000000,298.15,418.15,358.15,298.15,1490,1710,650,650,0.9,25.0,6,0,9.7859375,0.6436288679546543,6.298511875,5.969166666666666,0.6119323747033366,3.6527263333333333
50,70.037,112.77,189.13813527585262,85.647,1.3088508373087646,80.0,55.0,0.0,0.0,5,488,1.31,289.15,308.15,550000.0,1600000,1600000,550000.0,281.15,358.15,313.15,281.15,1480,1625,395,395,0.9,25.0,6,5,488,1.31,303.15,353.15,1000000,4500000,4500000,1000000,298.15,418.15,358.15,298.15,1490,1710,650,650,0.9,25.0,6,0,9.7859375,0.6436288679546543,6.298511875,5.969166666666666,0.6119323747033366,3.6527263333333333
51,70.037,112.77,189.13813527585262,85.82000000000001,1.1300471776285026,80.0,55.0,0.0,0.0,5,488,1.31,289.15,308.15,550000.0,1600000,1600000,550000.0,281.15,358.15,313.15,281.15,1480,1625,395,395,0.9,25.0,6,5,488,1.31,303.15,353.15,1000000,4500000,4500000,1000000,298.15,418.15,358.15,298.15,1490,1710,650,650,0.9,25.0,6,0,9.7859375,0.6436288679546543,6.298511875,5.969166666666666,0.6119323747033366,3.6527263333333333
52,70.037,112.77,189.13813527585262,85.521,1.150090300798961,80.0,55.0,0.0,0.0,5,488,1.31,289.15,308.15,550000.0,1600000,1600000,550000.0,281.15,358.15,313.15,281.15,1480,1625,395,395,0.9,25.0,6,5,488,1.31,303.15,353.15,1000000,4500000,4500000,1000000,298.15,418.15,358.15,298.15,1490,1710,650,650,0.9,25.0,6,0,9.7859375,0.6436288679546543,6.298511875,5.969166666666666,0.6119323747033366,3.6527263333333333
53,70.037,112.77,189.13813527585262,87.40400000000001,1.3036402338531188,80.0,55.0,0.0,0.0,5,488,1.31,289.15,308.15,550000.0,1600000,1600000,550000.0,281.15,358.15,313.15,281.15,1480,1625,395,395,0.9,25.0,6,5,488,1.31,303.15,353.15,1000000,4500000,4500000,1000000,298.15,418.15,358.15,298.15,1490,1710,650,650,0.9,25.0,6,0,9.7859375,0.6436288679546543,6.298511875,5.969166666666666,0.6119323747033366,3.6527263333333333
54,70.037,117.0,189.13813527585262,93.652,1.596030652917935,80.0,55.0,0.0,0.0,5,488,1.31,289.15,308.15,550000.0,1600000,1600000,550000.0,281.15,358.15,313.15,281.15,1480,1625,395,395,0.9,25.0,6,5,488,1.31,303.15,353.15,1000000,4500000,4500000,1000000,298.15,418.15,358.15,298.15,1490,1710,650,650,0.9,25.0,6,0,9.7859375,0.6436288679546543,6.298511875,5.969166666666666,0.6119323747033366,3.6527263333333333
55,70.037,128.42,189.13813527585262,99.317,1.7454510292793801,80.0,55.0,0.0,0.0,5,488,1.31,289.15,308.15,550000.0,1600000,1600000,550000.0,281.15,358.15,313.15,281.15,1480,1625,395,395,0.9,25.0,6,5,488,1.31,303.15,353.15,1000000,4500000,4500000,1000000,298.15,418.15,358.15,298.15,1490,1710,650,650,0.9,25.0,6,0,9.7859375,0.6436288679546543,6.298511875,5.969166666666666,0.6119323747033366,3.6527263333333333
56,70.037,147.22,189.13813527585262,98.47749999999999,1.8220872162522679,80.0,55.0,0.0,0.0,5,488,1.31,289.15,308.15,550000.0,1600000,1600000,550000.0,281.15,358.15,313.15,281.15,1480,1625,395,395,0.9,25.0,6,5,488,1.31,303.15,353.15,1000000,4500000,4500000,1000000,298.15,418.15,358.15,298.15,1490,1710,650,650,0.9,25.0,6,0,9.7859375,0.6436288679546543,6.298511875,5.969166666666666,0.6119323747033366,3.6527263333333333
57,70.037,232.55,189.13813527585262,102.96199999999999,1.9921298714443232,80.0,55.0,0.0178291003443933,0.0178291003443933,5,488,1.31,289.15,308.15,550000.0,1600000,1600000,550000.0,281.15,358.15,313.15,281.15,1480,1625,395,395,0.9,25.0,6,5,488,1.31,303.15,353.15,1000000,4500000,4500000,1000000,298.15,418.15,358.15,298.15,1490,1710,650,650,0.9,25.0,6,0,9.7859375,0.6436288679546543,6.298511875,5.969166666666666,0.6119323747033366,3.6527263333333333
58,70.037,239.71,189.13813527585262,106.52199999999999,1.971092550291168,80.0,55.0,0.2026774050491872,0.2026774050491872,5,488,1.31,289.15,308.15,550000.0,1600000,1600000,550000.0,281.15,358.15,313.15,281.15,1480,1625,395,395,0.9,25.0,6,5,488,1.31,303.15,353.15,1000000,4500000,4500000,1000000,298.15,418.15,358.15,298.15,1490,1710,650,650,0.9,25.0,6,0,9.7859375,0.6436288679546543,6.298511875,5.969166666666666,0.6119323747033366,3.6527263333333333
59,70.037,250.02,189.13813527585262,91.46849999999999,1.993608841595914,80.0,55.0,1.0,1.0,5,488,1.31,289.15,308.15,550000.0,1600000,1600000,550000.0,281.15,358.15,313.15,281.15,1480,1625,395,395,0.9,25.0,6,5,488,1.31,303.15,353.15,1000000,4500000,4500000,1000000,298.15,418.15,358.15,298.15,1490,1710,650,650,0.9,25.0,6,0,9.7859375,0.6436288679546543,6.298511875,5.969166666666666,0.6119323747033366,3.6527263333333333
60,70.037,235.66,189.13813527585262,87.4045,1.99503408447669,80.0,55.0,0.4156582901826319,0.4156582901826319,5,488,1.31,289.15,308.15,550000.0,1600000,1600000,550000.0,281.15,358.15,313.15,281.15,1480,1625,395,395,0.9,25.0,6,5,488,1.31,303.15,353.15,1000000,4500000,4500000,1000000,298.15,418.15,358.15,298.15,1490,1710,650,650,0.9,25.0,6,0,9.7859375,0.6436288679546543,6.298511875,5.969166666666666,0.6119323747033366,3.6527263333333333
61,70.037,214.69,189.13813527585262,82.33000000000001,2.014224020640031,80.0,55.0,0.0,0.0,5,488,1.31,289.15,308.15,550000.0,1600000,1600000,550000.0,281.15,358.15,313.15,281.15,1480,1625,395,395,0.9,25.0,6,5,488,1.31,303.15,353.15,1000000,4500000,4500000,1000000,298.15,418.15,358.15,298.15,1490,1710,650,650,0.9,25.0,6,0,9.7859375,0.6436288679546543,6.298511875,5.969166666666666,0.6119323747033366,3.6527263333333333
62,70.037,216.88,189.13813527585262,86.35650000000001,1.987122466620523,80.0,55.0,0.0,0.0,5,488,1.31,289.15,308.15,550000.0,1600000,1600000,550000.0,281.15,358.15,313.15,281.15,1480,1625,395,395,0.9,25.0,6,5,488,1.31,303.15,353.15,1000000,4500000,4500000,1000000,298.15,418.15,358.15,298.15,1490,1710,650,650,0.9,25.0,6,0,9.7859375,0.6436288679546543,6.298511875,5.969166666666666,0.6119323747033366,3.6527263333333333
63,70.037,242.28,189.13813527585262,95.24000000000001,1.9811192797499637,80.0,55.0,0.0294846963113368,0.0294846963113368,5,488,1.31,289.15,308.15,550000.0,1600000,1600000,550000.0,281.15,358.15,313.15,281.15,1480,1625,395,395,0.9,25.0,6,5,488,1.31,303.15,353.15,1000000,4500000,4500000,1000000,298.15,418.15,358.15,298.15,1490,1710,650,650,0.9,25.0,6,0,9.7859375,0.6436288679546543,6.298511875,5.969166666666666,0.6119323747033366,3.6527263333333333
64,70.037,252.27,189.13813527585262,101.0575,2.072375918784881,80.0,55.0,0.0,0.0,5,488,1.31,289.15,308.15,550000.0,1600000,1600000,550000.0,281.15,358.15,313.15,281.15,1480,1625,395,395,0.9,25.0,6,5,488,1.31,303.15,353.15,1000000,4500000,4500000,1000000,298.15,418.15,358.15,298.15,1490,1710,650,650,0.9,25.0,6,0,9.7859375,0.6436288679546543,6.298511875,5.969166666666666,0.6119323747033366,3.6527263333333333
65,70.037,265.72,189.13813527585262,105.5855,2.0476014950674957,80.0,55.0,0.0,0.0,5,488,1.31,289.15,308.15,550000.0,1600000,1600000,550000.0,281.15,358.15,313.15,281.15,1480,1625,395,395,0.9,25.0,6,5,488,1.31,303.15,353.15,1000000,4500000,4500000,1000000,298.15,418.15,358.15,298.15,1490,1710,650,650,0.9,25.0,6,0,9.7859375,0.6436288679546543,6.298511875,5.969166666666666,0.6119323747033366,3.6527263333333333
66,70.037,271.12,189.13813527585262,109.313,2.1058546790339743,80.0,55.0,0.0,0.0,5,488,1.31,289.15,308.15,550000.0,1600000,1600000,550000.0,281.15,358.15,313.15,281.15,1480,1625,395,395,0.9,25.0,6,5,488,1.31,303.15,353.15,1000000,4500000,4500000,1000000,298.15,418.15,358.15,298.15,1490,1710,650,650,0.9,25.0,6,0,9.7859375,0.6436288679546543,6.298511875,5.969166666666666,0.6119323747033366,3.6527263333333333
67,70.037,271.12,189.13813527585262,108.1155,2.16576276888016,80.0,55.0,0.0,0.0,5,488,1.31,289.15,308.15,550000.0,1600000,1600000,550000.0,281.15,358.15,313.15,281.15,1480,1625,395,395,0.9,25.0,6,5,488,1.31,303.15,353.15,1000000,4500000,4500000,1000000,298.15,418.15,358.15,298.15,1490,1710,650,650,0.9,25.0,6,0,9.7859375,0.6436288679546543,6.298511875,5.969166666666666,0.6119323747033366,3.6527263333333333
68,70.037,271.12,189.13813527585262,106.051,2.2392098949790062,80.0,55.0,0.0,0.0,5,488,1.31,289.15,308.15,550000.0,1600000,1600000,550000.0,281.15,358.15,313.15,281.15,1480,1625,395,395,0.9,25.0,6,5,488,1.31,303.15,353.15,1000000,4500000,4500000,1000000,298.15,418.15,358.15,298.15,1490,1710,650,650,0.9,25.0,6,0,9.7859375,0.6436288679546543,6.298511875,5.969166666666666,0.6119323747033366,3.6527263333333333
69,70.037,196.29,189.13813527585262,102.7655,2.1384580912196824,80.0,55.0,0.0,0.0,5,488,1.31,289.15,308.15,550000.0,1600000,1600000,550000.0,281.15,358.15,313.15,281.15,1480,1625,395,395,0.9,25.0,6,5,488,1.31,303.15,353.15,1000000,4500000,4500000,1000000,298.15,418.15,358.15,298.15,1490,1710,650,650,0.9,25.0,6,0,9.7859375,0.6436288679546543,6.298511875,5.969166666666666,0.6119323747033366,3.6527263333333333
70,70.037,194.33,189.13813527585262,105.61149999999999,1.8794177694834744,80.0,55.0,0.0,0.0,5,488,1.31,289.15,308.15,550000.0,1600000,1600000,550000.0,281.15,358.15,313.15,281.15,1480,1625,395,395,0.9,25.0,6,5,488,1.31,303.15,353.15,1000000,4500000,4500000,1000000,298.15,418.15,358.15,298.15,1490,1710,650,650,0.9,25.0,6,0,9.7859375,0.6436288679546543,6.298511875,5.969166666666666,0.6119323747033366,3.6527263333333333
71,70.037,185.58,189.13813527585262,98.675,1.6605903164275433,80.0,55.0,0.0,0.0,5,488,1.31,289.15,308.15,550000.0,1600000,1600000,550000.0,281.15,358.15,313.15,281.15,1480,1625,395,395,0.9,25.0,6,5,488,1.31,303.15,353.15,1000000,4500000,4500000,1000000,298.15,418.15,358.15,298.15,1490,1710,650,650,0.9,25.0,6,0,9.7859375,0.6436288679546543,6.298511875,5.969166666666666,0.6119323747033366,3.6527263333333333
72,70.037,176.97,189.13813527585262,101.2995,1.2884859699409732,80.0,55.0,0.0,0.0,5,488,1.31,289.15,308.15,550000.0,1600000,1600000,550000.0,281.15,358.15,313.15,281.15,1480,1625,395,395,0.9,25.0,6,5,488,1.31,303.15,353.15,1000000,4500000,4500000,1000000,298.15,418.15,358.15,298.15,1490,1710,650,650,0.9,25.0,6,0,9.7859375,0.6436288679546543,6.298511875,5.969166666666666,0.6119323747033366,3.6527263333333333
73,70.037,147.22,189.13813527585262,99.3935,1.0244799521801353,80.0,55.0,0.0,0.0,5,488,1.31,289.15,308.15,550000.0,1600000,1600000,550000.0,281.15,358.15,313.15,281.15,1480,1625,395,395,0.9,25.0,6,5,488,1.31,303.15,353.15,1000000,4500000,4500000,1000000,298.15,418.15,358.15,298.15,1490,1710,650,650,0.9,25.0,6,0,9.7859375,0.6436288679546543,6.298511875,5.969166666666666,0.6119323747033366,3.6527263333333333
74,70.037,147.22,189.13813527585262,98.8345,1.0403491568038998,80.0,55.0,0.0,0.0,5,488,1.31,289.15,308.15,550000.0,1600000,1600000,550000.0,281.15,358.15,313.15,281.15,1480,1625,395,395,0.9,25.0,6,5,488,1.31,303.15,353.15,1000000,4500000,4500000,1000000,298.15,418.15,358.15,298.15,1490,1710,650,650,0.9,25.0,6,0,9.7859375,0.6436288679546543,6.298511875,5.969166666666666,0.6119323747033366,3.6527263333333333
75,70.037,147.22,189.13813527585262,97.021,0.9423404290369213,80.0,55.0,0.0,0.0,5,488,1.31,289.15,308.15,550000.0,1600000,1600000,550000.0,281.15,358.15,313.15,281.15,1480,1625,395,395,0.9,25.0,6,5,488,1.31,303.15,353.15,1000000,4500000,4500000,1000000,298.15,418.15,358.15,298.15,1490,1710,650,650,0.9,25.0,6,0,9.7859375,0.6436288679546543,6.298511875,5.969166666666666,0.6119323747033366,3.6527263333333333
76,70.037,147.22,189.13813527585262,97.4475,0.949273673911968,80.0,55.0,0.0,0.0,5,488,1.31,289.15,308.15,550000.0,1600000,1600000,550000.0,281.15,358.15,313.15,281.15,1480,1625,395,395,0.9,25.0,6,5,488,1.31,303.15,353.15,1000000,4500000,4500000,1000000,298.15,418.15,358.15,298.15,1490,1710,650,650,0.9,25.0,6,0,9.7859375,0.6436288679546543,6.298511875,5.969166666666666,0.6119323747033366,3.6527263333333333
77,70.037,147.22,189.13813527585262,95.7425,1.089854063211652,80.0,55.0,0.0,0.0,5,488,1.31,289.15,308.15,550000.0,1600000,1600000,550000.0,281.15,358.15,313.15,281.15,1480,1625,395,395,0.9,25.0,6,5,488,1.31,303.15,353.15,1000000,4500000,4500000,1000000,298.15,418.15,358.15,298.15,1490,1710,650,650,0.9,25.0,6,0,9.7859375,0.6436288679546543,6.298511875,5.969166666666666,0.6119323747033366,3.6527263333333333
78,70.037,147.22,189.13813527585262,95.9785,1.4465694615537965,80.0,55.0,0.0,0.0,5,488,1.31,289.15,308.15,550000.0,1600000,1600000,550000.0,281.15,358.15,313.15,281.15,1480,1625,395,395,0.9,25.0,6,5,488,1.31,303.15,353.15,1000000,4500000,4500000,1000000,298.15,418.15,358.15,298.15,1490,1710,650,650,0.9,25.0,6,0,9.7859375,0.6436288679546543,6.298511875,5.969166666666666,0.6119323747033366,3.6527263333333333
79,70.037,179.57,189.13813527585262,95.1745,1.6317489900628321,80.0,55.0,0.0,0.0,5,488,1.31,289.15,308.15,550000.0,1600000,1600000,550000.0,281.15,358.15,313.15,281.15,1480,1625,395,395,0.9,25.0,6,5,488,1.31,303.15,353.15,1000000,4500000,4500000,1000000,298.15,418.15,358.15,298.15,1490,1710,650,650,0.9,25.0,6,0,9.7859375,0.6436288679546543,6.298511875,5.969166666666666,0.6119323747033366,3.6527263333333333
80,70.037,196.29,189.13813527585262,99.721,1.6788209327487624,80.0,55.0,0.0,0.0,5,488,1.31,289.15,308.15,550000.0,1600000,1600000,550000.0,281.15,358.15,313.15,281.15,1480,1625,395,395,0.9,25.0,6,5,488,1.31,303.15,353.15,1000000,4500000,4500000,1000000,298.15,418.15,358.15,298.15,1490,1710,650,650,0.9,25.0,6,0,9.7859375,0.6436288679546543,6.298511875,5.969166666666666,0.6119323747033366,3.6527263333333333
81,70.037,265.72,189.13813527585262,105.9715,1.8303303760845047,80.0,55.0,0.0211134249942187,0.0211134249942187,5,488,1.31,289.15,308.15,550000.0,1600000,1600000,550000.0,281.15,358.15,313.15,281.15,1480,1625,395,395,0.9,25.0,6,5,488,1.31,303.15,353.15,1000000,4500000,4500000,1000000,298.15,418.15,358.15,298.15,1490,1710,650,650,0.9,25.0,6,0,9.7859375,0.6436288679546543,6.298511875,5.969166666666666,0.6119323747033366,3.6527263333333333
82,70.037,265.72,189.13813527585262,111.742,1.7696076226783382,80.0,55.0,0.2433406716412118,0.2433406716412118,5,488,1.31,289.15,308.15,550000.0,1600000,1600000,550000.0,281.15,358.15,313.15,281.15,1480,1625,395,395,0.9,25.0,6,5,488,1.31,303.15,353.15,1000000,4500000,4500000,1000000,298.15,418.15,358.15,298.15,1490,1710,650,650,0.9,25.0,6,0,9.7859375,0.6436288679546543,6.298511875,5.969166666666666,0.6119323747033366,3.6527263333333333
83,70.037,200.69,189.13813527585262,90.61149999999999,1.7183820215089254,80.0,55.0,0.5426130568468376,0.5426130568468376,5,488,1.31,289.15,308.15,550000.0,1600000,1600000,550000.0,281.15,358.15,313.15,281.15,1480,1625,395,395,0.9,25.0,6,5,488,1.31,303.15,353.15,1000000,4500000,4500000,1000000,298.15,418.15,358.15,298.15,1490,1710,650,650,0.9,25.0,6,0,9.7859375,0.6436288679546543,6.298511875,5.969166666666666,0.6119323747033366,3.6527263333333333
84,70.037,196.63,189.13813527585262,83.479,2.078191369042864,80.0,55.0,0.3949890394186142,0.3949890394186142,5,488,1.31,289.15,308.15,550000.0,1600000,1600000,550000.0,281.15,358.15,313.15,281.15,1480,1625,395,395,0.9,25.0,6,5,488,1.31,303.15,353.15,1000000,4500000,4500000,1000000,298.15,418.15,358.15,298.15,1490,1710,650,650,0.9,25.0,6,0,9.7859375,0.6436288679546543,6.298511875,5.969166666666666,0.6119323747033366,3.6527263333333333
85,70.037,196.63,189.13813527585262,78.2135,2.0840881152361153,80.0,55.0,0.6008028084623916,0.6008028084623916,5,488,1.31,289.15,308.15,550000.0,1600000,1600000,550000.0,281.15,358.15,313.15,281.15,1480,1625,395,395,0.9,25.0,6,5,488,1.31,303.15,353.15,1000000,4500000,4500000,1000000,298.15,418.15,358.15,298.15,1490,1710,650,650,0.9,25.0,6,0,9.7859375,0.6436288679546543,6.298511875,5.969166666666666,0.6119323747033366,3.6527263333333333
86,70.037,196.63,189.13813527585262,78.87150000000001,1.8506655859058931,80.0,55.0,0.2302096305387687,0.2302096305387687,5,488,1.31,289.15,308.15,550000.0,1600000,1600000,550000.0,281.15,358.15,313.15,281.15,1480,1625,395,395,0.9,25.0,6,5,488,1.31,303.15,353.15,1000000,4500000,4500000,1000000,298.15,418.15,358.15,298.15,1490,1710,650,650,0.9,25.0,6,0,9.7859375,0.6436288679546543,6.298511875,5.969166666666666,0.6119323747033366,3.6527263333333333
87,70.037,226.74,189.13813527585262,86.007,2.0513940870495966,80.0,55.0,0.0,0.0,5,488,1.31,289.15,308.15,550000.0,1600000,1600000,550000.0,281.15,358.15,313.15,281.15,1480,1625,395,395,0.9,25.0,6,5,488,1.31,303.15,353.15,1000000,4500000,4500000,1000000,298.15,418.15,358.15,298.15,1490,1710,650,650,0.9,25.0,6,0,9.7859375,0.6436288679546543,6.298511875,5.969166666666666,0.6119323747033366,3.6527263333333333
88,70.037,257.82,189.13813527585262,93.9565,2.0864948115433712,80.0,55.0,0.0,0.0,5,488,1.31,289.15,308.15,550000.0,1600000,1600000,550000.0,281.15,358.15,313.15,281.15,1480,1625,395,395,0.9,25.0,6,5,488,1.31,303.15,353.15,1000000,4500000,4500000,1000000,298.15,418.15,358.15,298.15,1490,1710,650,650,0.9,25.0,6,0,9.7859375,0.6436288679546543,6.298511875,5.969166666666666,0.6119323747033366,3.6527263333333333
89,70.037,265.72,189.13813527585262,101.4465,2.0063672242062354,80.0,55.0,0.0,0.0,5,488,1.31,289.15,308.15,550000.0,1600000,1600000,550000.0,281.15,358.15,313.15,281.15,1480,1625,395,395,0.9,25.0,6,5,488,1.31,303.15,353.15,1000000,4500000,4500000,1000000,298.15,418.15,358.15,298.15,1490,1710,650,650,0.9,25.0,6,0,9.7859375,0.6436288679546543,6.298511875,5.969166666666666,0.6119323747033366,3.6527263333333333
90,70.037,265.72,189.13813527585262,108.9995,2.3909831914209345,80.0,55.0,0.0,0.0,5,488,1.31,289.15,308.15,550000.0,1600000,1600000,550000.0,281.15,358.15,313.15,281.15,1480,1625,395,395,0.9,25.0,6,5,488,1.31,303.15,353.15,1000000,4500000,4500000,1000000,298.15,418.15,358.15,298.15,1490,1710,650,650,0.9,25.0,6,0,9.7859375,0.6436288679546543,6.298511875,5.969166666666666,0.6119323747033366,3.6527263333333333
91,70.037,265.72,189.13813527585262,103.54,2.3376412370930164,80.0,55.0,0.0,0.0,5,488,1.31,289.15,308.15,550000.0,1600000,1600000,550000.0,281.15,358.15,313.15,281.15,1480,1625,395,395,0.9,25.0,6,5,488,1.31,303.15,353.15,1000000,4500000,4500000,1000000,298.15,418.15,358.15,298.15,1490,1710,650,650,0.9,25.0,6,0,9.7859375,0.6436288679546543,6.298511875,5.969166666666666,0.6119323747033366,3.6527263333333333
92,70.037,265.72,189.13813527585262,103.882,2.281901584550431,80.0,55.0,0.0,0.0,5,488,1.31,289.15,308.15,550000.0,1600000,1600000,550000.0,281.15,358.15,313.15,281.15,1480,1625,395,395,0.9,25.0,6,5,488,1.31,303.15,353.15,1000000,4500000,4500000,1000000,298.15,418.15,358.15,298.15,1490,1710,650,650,0.9,25.0,6,0,9.7859375,0.6436288679546543,6.298511875,5.969166666666666,0.6119323747033366,3.6527263333333333
93,70.037,196.29,189.13813527585262,100.584,2.2228531921452017,80.0,55.0,0.0,0.0,5,488,1.31,289.15,308.15,550000.0,1600000,1600000,550000.0,281.15,358.15,313.15,281.15,1480,1625,395,395,0.9,25.0,6,5,488,1.31,303.15,353.15,1000000,4500000,4500000,1000000,298.15,418.15,358.15,298.15,1490,1710,650,650,0.9,25.0,6,0,9.7859375,0.6436288679546543,6.298511875,5.969166666666666,0.6119323747033366,3.6527263333333333
94,70.037,179.57,189.13813527585262,117.6075,2.0108284606060147,80.0,55.0,0.0,0.0,5,488,1.31,289.15,308.15,550000.0,1600000,1600000,550000.0,281.15,358.15,313.15,281.15,1480,1625,395,395,0.9,25.0,6,5,488,1.31,303.15,353.15,1000000,4500000,4500000,1000000,298.15,418.15,358.15,298.15,1490,1710,650,650,0.9,25.0,6,0,9.7859375,0.6436288679546543,6.298511875,5.969166666666666,0.6119323747033366,3.6527263333333333
95,70.037,176.97,189.13813527585262,102.8665,1.8416994136787366,80.0,55.0,0.0,0.0,5,488,1.31,289.15,308.15,550000.0,1600000,1600000,550000.0,281.15,358.15,313.15,281.15,1480,1625,395,395,0.9,25.0,6,5,488,1.31,303.15,353.15,1000000,4500000,4500000,1000000,298.15,418.15,358.15,298.15,1490,1710,650,650,0.9,25.0,6,0,9.7859375,0.6436288679546543,6.298511875,5.969166666666666,0.6119323747033366,3.6527263333333333
96,70.037,160.99,189.13813527585262,102.2795,1.7137521679978671,80.0,55.0,0.0,0.0,5,488,1.31,289.15,308.15,550000.0,1600000,1600000,550000.0,281.15,358.15,313.15,281.15,1480,1625,395,395,0.9,25.0,6,5,488,1.31,303.15,353.15,1000000,4500000,4500000,1000000,298.15,418.15,358.15,298.15,1490,1710,650,650,0.9,25.0,6,0,9.7859375,0.6436288679546543,6.298511875,5.969166666666666,0.6119323747033366,3.6527263333333333
97,70.037,142.59,189.13813527585262,100.783,1.3672572378331718,80.0,55.0,0.0,0.0,5,488,1.31,289.15,308.15,550000.0,1600000,1600000,550000.0,281.15,358.15,313.15,281.15,1480,1625,395,395,0.9,25.0,6,5,488,1.31,303.15,353.15,1000000,4500000,4500000,1000000,298.15,418.15,358.15,298.15,1490,1710,650,650,0.9,25.0,6,0,9.7859375,0.6436288679546543,6.298511875,5.969166666666666,0.6119323747033366,3.6527263333333333
98,70.037,131.54,189.13813527585262,97.446,1.4110686930104834,80.0,55.0,0.0,0.0,5,488,1.31,289.15,308.15,550000.0,1600000,1600000,550000.0,281.15,358.15,313.15,281.15,1480,1625,395,395,0.9,25.0,6,5,488,1.31,303.15,353.15,1000000,4500000,4500000,1000000,298.15,418.15,358.15,298.15,1490,1710,650,650,0.9,25.0,6,0,9.7859375,0.6436288679546543,6.298511875,5.969166666666666,0.6119323747033366,3.6527263333333333
99,70.037,131.54,189.13813527585262,96.766,1.3098893270364234,80.0,55.0,0.0,0.0,5,488,1.31,289.15,308.15,550000.0,1600000,1600000,550000.0,281.15,358.15,313.15,281.15,1480,1625,395,395,0.9,25.0,6,5,488,1.31,303.15,353.15,1000000,4500000,4500000,1000000,298.15,418.15,358.15,298.15,1490,1710,650,650,0.9,25.0,6,0,9.7859375,0.6436288679546543,6.298511875,5.969166666666666,0.6119323747033366,3.6527263333333333
100,70.037,131.54,189.13813527585262,101.98949999999999,1.3763559845880402,80.0,55.0,0.0,0.0,5,488,1.31,289.15,308.15,550000.0,1600000,1600000,550000.0,281.15,358.15,313.15,281.15,1480,1625,395,395,0.9,25.0,6,5,488,1.31,303.15,353.15,1000000,4500000,4500000,1000000,298.15,418.15,358.15,298.15,1490,1710,650,650,0.9,25.0,6,0,9.7859375,0.6436288679546543,6.298511875,5.969166666666666,0.6119323747033366,3.6527263333333333
101,70.037,131.54,189.13813527585262,99.509,1.5187133331487743,80.0,55.0,0.0,0.0,5,488,1.31,289.15,308.15,550000.0,1600000,1600000,550000.0,281.15,358.15,313.15,281.15,1480,1625,395,395,0.9,25.0,6,5,488,1.31,303.15,353.15,1000000,4500000,4500000,1000000,298.15,418.15,358.15,298.15,1490,1710,650,650,0.9,25.0,6,0,9.7859375,0.6436288679546543,6.298511875,5.969166666666666,0.6119323747033366,3.6527263333333333
102,70.037,131.54,189.13813527585262,101.547,1.8574690593208514,80.0,55.0,0.0,0.0,5,488,1.31,289.15,308.15,550000.0,1600000,1600000,550000.0,281.15,358.15,313.15,281.15,1480,1625,395,395,0.9,25.0,6,5,488,1.31,303.15,353.15,1000000,4500000,4500000,1000000,298.15,418.15,358.15,298.15,1490,1710,650,650,0.9,25.0,6,0,9.7859375,0.6436288679546543,6.298511875,5.969166666666666,0.6119323747033366,3.6527263333333333
103,70.037,131.54,189.13813527585262,108.571,2.00843489826962,80.0,55.0,0.0,0.0,5,488,1.31,289.15,308.15,550000.0,1600000,1600000,550000.0,281.15,358.15,313.15,281.15,1480,1625,395,395,0.9,25.0,6,5,488,1.31,303.15,353.15,1000000,4500000,4500000,1000000,298.15,418.15,358.15,298.15,1490,1710,650,650,0.9,25.0,6,0,9.7859375,0.6436288679546543,6.298511875,5.969166666666666,0.6119323747033366,3.6527263333333333
104,70.037,161.76,189.13813527585262,103.4805,2.1267128682677874,80.0,55.0,0.0,0.0,5,488,1.31,289.15,308.15,550000.0,1600000,1600000,550000.0,281.15,358.15,313.15,281.15,1480,1625,395,395,0.9,25.0,6,5,488,1.31,303.15,353.15,1000000,4500000,4500000,1000000,298.15,418.15,358.15,298.15,1490,1710,650,650,0.9,25.0,6,0,9.7859375,0.6436288679546543,6.298511875,5.969166666666666,0.6119323747033366,3.6527263333333333
105,70.037,218.98,189.13813527585262,107.88850000000001,2.3811188586921888,80.0,55.0,0.013681627870972,0.013681627870972,5,488,1.31,289.15,308.15,550000.0,1600000,1600000,550000.0,281.15,358.15,313.15,281.15,1480,1625,395,395,0.9,25.0,6,5,488,1.31,303.15,353.15,1000000,4500000,4500000,1000000,298.15,418.15,358.15,298.15,1490,1710,650,650,0.9,25.0,6,0,9.7859375,0.6436288679546543,6.298511875,5.969166666666666,0.6119323747033366,3.6527263333333333
106,70.037,178.06,189.13813527585262,105.902,2.512966476886067,80.0,55.0,0.091084634045701,0.091084634045701,5,488,1.31,289.15,308.15,550000.0,1600000,1600000,550000.0,281.15,358.15,313.15,281.15,1480,1625,395,395,0.9,25.0,6,5,488,1.31,303.15,353.15,1000000,4500000,4500000,1000000,298.15,418.15,358.15,298.15,1490,1710,650,650,0.9,25.0,6,0,9.7859375,0.6436288679546543,6.298511875,5.969166666666666,0.6119323747033366,3.6527263333333333
107,70.037,178.06,189.13813527585262,96.16550000000001,2.5401901167434078,80.0,55.0,0.0921053891291048,0.0921053891291048,5,488,1.31,289.15,308.15,550000.0,1600000,1600000,550000.0,281.15,358.15,313.15,281.15,1480,1625,395,395,0.9,25.0,6,5,488,1.31,303.15,353.15,1000000,4500000,4500000,1000000,298.15,418.15,358.15,298.15,1490,1710,650,650,0.9,25.0,6,0,9.7859375,0.6436288679546543,6.298511875,5.969166666666666,0.6119323747033366,3.6527263333333333
108,70.037,177.16,189.13813527585262,91.2285,2.694730959973195,80.0,55.0,0.0794728317293075,0.0794728317293075,5,488,1.31,289.15,308.15,550000.0,1600000,1600000,550000.0,281.15,358.15,313.15,281.15,1480,1625,395,395,0.9,25.0,6,5,488,1.31,303.15,353.15,1000000,4500000,4500000,1000000,298.15,418.15,358.15,298.15,1490,1710,650,650,0.9,25.0,6,0,9.7859375,0.6436288679546543,6.298511875,5.969166666666666,0.6119323747033366,3.6527263333333333
109,70.037,177.16,189.13813527585262,83.951,2.7248732929542903,80.0,55.0,0.0395745416084563,0.0395745416084563,5,488,1.31,289.15,308.15,550000.0,1600000,1600000,550000.0,281.15,358.15,313.15,281.15,1480,1625,395,395,0.9,25.0,6,5,488,1.31,303.15,353.15,1000000,4500000,4500000,1000000,298.15,418.15,358.15,298.15,1490,1710,650,650,0.9,25.0,6,0,9.7859375,0.6436288679546543,6.298511875,5.969166666666666,0.6119323747033366,3.6527263333333333
110,70.037,178.06,189.13813527585262,86.396,2.737321651532346,80.0,55.0,0.0172060963101605,0.0172060963101605,5,488,1.31,289.15,308.15,550000.0,1600000,1600000,550000.0,281.15,358.15,313.15,281.15,1480,1625,395,395,0.9,25.0,6,5,488,1.31,303.15,353.15,1000000,4500000,4500000,1000000,298.15,418.15,358.15,298.15,1490,1710,650,650,0.9,25.0,6,0,9.7859375,0.6436288679546543,6.298511875,5.969166666666666,0.6119323747033366,3.6527263333333333
111,70.037,179.2,189.13813527585262,94.2135,2.764906023347912,80.0,55.0,0.0,0.0,5,488,1.31,289.15,308.15,550000.0,1600000,1600000,550000.0,281.15,358.15,313.15,281.15,1480,1625,395,395,0.9,25.0,6,5,488,1.31,303.15,353.15,1000000,4500000,4500000,1000000,298.15,418.15,358.15,298.15,1490,1710,650,650,0.9,25.0,6,0,9.7859375,0.6436288679546543,6.298511875,5.969166666666666,0.6119323747033366,3.6527263333333333
112,70.037,240.62,189.13813527585262,99.024,2.932565246685356,80.0,55.0,0.0,0.0,5,488,1.31,289.15,308.15,550000.0,1600000,1600000,550000.0,281.15,358.15,313.15,281.15,1480,1625,395,395,0.9,25.0,6,5,488,1.31,303.15,353.15,1000000,4500000,4500000,1000000,298.15,418.15,358.15,298.15,1490,1710,650,650,0.9,25.0,6,0,9.7859375,0.6436288679546543,6.298511875,5.969166666666666,0.6119323747033366,3.6527263333333333
113,70.037,255.25,189.13813527585262,102.6665,3.0444750470914452,80.0,55.0,0.0,0.0,5,488,1.31,289.15,308.15,550000.0,1600000,1600000,550000.0,281.15,358.15,313.15,281.15,1480,1625,395,395,0.9,25.0,6,5,488,1.31,303.15,353.15,1000000,4500000,4500000,1000000,298.15,418.15,358.15,298.15,1490,1710,650,650,0.9,25.0,6,0,9.7859375,0.6436288679546543,6.298511875,5.969166666666666,0.6119323747033366,3.6527263333333333
114,70.037,255.25,189.13813527585262,101.67599999999999,3.1126953888848106,80.0,55.0,0.0,0.0,5,488,1.31,289.15,308.15,550000.0,1600000,1600000,550000.0,281.15,358.15,313.15,281.15,1480,1625,395,395,0.9,25.0,6,5,488,1.31,303.15,353.15,1000000,4500000,4500000,1000000,298.15,418.15,358.15,298.15,1490,1710,650,650,0.9,25.0,6,0,9.7859375,0.6436288679546543,6.298511875,5.969166666666666,0.6119323747033366,3.6527263333333333
115,70.037,243.08,189.13813527585262,112.6915,3.2657139882435975,80.0,55.0,0.0,0.0,5,488,1.31,289.15,308.15,550000.0,1600000,1600000,550000.0,281.15,358.15,313.15,281.15,1480,1625,395,395,0.9,25.0,6,5,488,1.31,303.15,353.15,1000000,4500000,4500000,1000000,298.15,418.15,358.15,298.15,1490,1710,650,650,0.9,25.0,6,0,9.7859375,0.6436288679546543,6.298511875,5.969166666666666,0.6119323747033366,3.6527263333333333
116,70.037,240.62,189.13813527585262,108.2205,3.259494043690776,80.0,55.0,0.0,0.0,5,488,1.31,289.15,308.15,550000.0,1600000,1600000,550000.0,281.15,358.15,313.15,281.15,1480,1625,395,395,0.9,25.0,6,5,488,1.31,303.15,353.15,1000000,4500000,4500000,1000000,298.15,418.15,358.15,298.15,1490,1710,650,650,0.9,25.0,6,0,9.7859375,0.6436288679546543,6.298511875,5.969166666666666,0.6119323747033366,3.6527263333333333
117,70.037,175.38,189.13813527585262,108.354,3.2662173695373222,80.0,55.0,0.0,0.0,5,488,1.31,289.15,308.15,550000.0,1600000,1600000,550000.0,281.15,358.15,313.15,281.15,1480,1625,395,395,0.9,25.0,6,5,488,1.31,303.15,353.15,1000000,4500000,4500000,1000000,298.15,418.15,358.15,298.15,1490,1710,650,650,0.9,25.0,6,0,9.7859375,0.6436288679546543,6.298511875,5.969166666666666,0.6119323747033366,3.6527263333333333
118,70.037,147.22,189.13813527585262,101.566,3.156572527895546,80.0,55.0,0.0,0.0,5,488,1.31,289.15,308.15,550000.0,1600000,1600000,550000.0,281.15,358.15,313.15,281.15,1480,1625,395,395,0.9,25.0,6,5,488,1.31,303.15,353.15,1000000,4500000,4500000,1000000,298.15,418.15,358.15,298.15,1490,1710,650,650,0.9,25.0,6,0,9.7859375,0.6436288679546543,6.298511875,5.969166666666666,0.6119323747033366,3.6527263333333333
119,70.037,147.22,189.13813527585262,103.5695,2.8943039963813173,80.0,55.0,0.0,0.0,5,488,1.31,289.15,308.15,550000.0,1600000,1600000,550000.0,281.15,358.15,313.15,281.15,1480,1625,395,395,0.9,25.0,6,5,488,1.31,303.15,353.15,1000000,4500000,4500000,1000000,298.15,418.15,358.15,298.15,1490,1710,650,650,0.9,25.0,6,0,9.7859375,0.6436288679546543,6.298511875,5.969166666666666,0.6119323747033366,3.6527263333333333
120,70.037,135.45,189.13813527585262,105.42999999999999,2.4836816060641778,80.0,55.0,0.0,0.0,5,488,1.31,289.15,308.15,550000.0,1600000,1600000,550000.0,281.15,358.15,313.15,281.15,1480,1625,395,395,0.9,25.0,6,5,488,1.31,303.15,353.15,1000000,4500000,4500000,1000000,298.15,418.15,358.15,298.15,1490,1710,650,650,0.9,25.0,6,0,9.7859375,0.6436288679546543,6.298511875,5.969166666666666,0.6119323747033366,3.6527263333333333
121,70.037,127.22,189.13813527585262,102.928,2.1142885191471783,80.0,55.0,0.0,0.0,5,488,1.31,289.15,308.15,550000.0,1600000,1600000,550000.0,281.15,358.15,313.15,281.15,1480,1625,395,395,0.9,25.0,6,5,488,1.31,303.15,353.15,1000000,4500000,4500000,1000000,298.15,418.15,358.15,298.15,1490,1710,650,650,0.9,25.0,6,0,9.7859375,0.6436288679546543,6.298511875,5.969166666666666,0.6119323747033366,3.6527263333333333
122,70.037,119.14,189.13813527585262,102.6835,2.195873121580792,80.0,55.0,0.0,0.0,5,488,1.31,289.15,308.15,550000.0,1600000,1600000,550000.0,281.15,358.15,313.15,281.15,1480,1625,395,395,0.9,25.0,6,5,488,1.31,303.15,353.15,1000000,4500000,4500000,1000000,298.15,418.15,358.15,298.15,1490,1710,650,650,0.9,25.0,6,0,9.7859375,0.6436288679546543,6.298511875,5.969166666666666,0.6119323747033366,3.6527263333333333
123,70.037,113.79,189.13813527585262,103.4245,2.1613365915654597,80.0,55.0,0.0,0.0,5,488,1.31,289.15,308.15,550000.0,1600000,1600000,550000.0,281.15,358.15,313.15,281.15,1480,1625,395,395,0.9,25.0,6,5,488,1.31,303.15,353.15,1000000,4500000,4500000,1000000,298.15,418.15,358.15,298.15,1490,1710,650,650,0.9,25.0,6,0,9.7859375,0.6436288679546543,6.298511875,5.969166666666666,0.6119323747033366,3.6527263333333333
124,70.037,113.79,189.13813527585262,105.965,2.1928601653192157,80.0,55.0,0.0,0.0,5,488,1.31,289.15,308.15,550000.0,1600000,1600000,550000.0,281.15,358.15,313.15,281.15,1480,1625,395,395,0.9,25.0,6,5,488,1.31,303.15,353.15,1000000,4500000,4500000,1000000,298.15,418.15,358.15,298.15,1490,1710,650,650,0.9,25.0,6,0,9.7859375,0.6436288679546543,6.298511875,5.969166666666666,0.6119323747033366,3.6527263333333333
125,70.037,113.79,189.13813527585262,106.144,2.3108575913547074,80.0,55.0,0.0,0.0,5,488,1.31,289.15,308.15,550000.0,1600000,1600000,550000.0,281.15,358.15,313.15,281.15,1480,1625,395,395,0.9,25.0,6,5,488,1.31,303.15,353.15,1000000,4500000,4500000,1000000,298.15,418.15,358.15,298.15,1490,1710,650,650,0.9,25.0,6,0,9.7859375,0.6436288679546543,6.298511875,5.969166666666666,0.6119323747033366,3.6527263333333333
126,70.037,113.54,189.13813527585262,108.417,2.5346333975342814,80.0,55.0,0.0,0.0,5,488,1.31,289.15,308.15,550000.0,1600000,1600000,550000.0,281.15,358.15,313.15,281.15,1480,1625,395,395,0.9,25.0,6,5,488,1.31,303.15,353.15,1000000,4500000,4500000,1000000,298.15,418.15,358.15,298.15,1490,1710,650,650,0.9,25.0,6,0,9.7859375,0.6436288679546543,6.298511875,5.969166666666666,0.6119323747033366,3.6527263333333333
127,70.037,113.52,189.13813527585262,111.81049999999999,2.8240681185551475,80.0,55.0,0.0,0.0,5,488,1.31,289.15,308.15,550000.0,1600000,1600000,550000.0,281.15,358.15,313.15,281.15,1480,1625,395,395,0.9,25.0,6,5,488,1.31,303.15,353.15,1000000,4500000,4500000,1000000,298.15,418.15,358.15,298.15,1490,1710,650,650,0.9,25.0,6,0,9.7859375,0.6436288679546543,6.298511875,5.969166666666666,0.6119323747033366,3.6527263333333333
128,70.037,113.79,189.13813527585262,109.835,3.0105578264051625,80.0,55.0,0.0008846682076047,0.0008846682076047,5,488,1.31,289.15,308.15,550000.0,1600000,1600000,550000.0,281.15,358.15,313.15,281.15,1480,1625,395,395,0.9,25.0,6,5,488,1.31,303.15,353.15,1000000,4500000,4500000,1000000,298.15,418.15,358.15,298.15,1490,1710,650,650,0.9,25.0,6,0,9.7859375,0.6436288679546543,6.298511875,5.969166666666666,0.6119323747033366,3.6527263333333333
129,70.037,119.14,189.13813527585262,113.9445,3.1911326538110556,80.0,55.0,0.0182836236598116,0.0182836236598116,5,488,1.31,289.15,308.15,550000.0,1600000,1600000,550000.0,281.15,358.15,313.15,281.15,1480,1625,395,395,0.9,25.0,6,5,488,1.31,303.15,353.15,1000000,4500000,4500000,1000000,298.15,418.15,358.15,298.15,1490,1710,650,650,0.9,25.0,6,0,9.7859375,0.6436288679546543,6.298511875,5.969166666666666,0.6119323747033366,3.6527263333333333
130,70.037,113.79,189.13813527585262,111.2235,3.266972828894292,80.0,55.0,0.0886052401291255,0.0886052401291255,5,488,1.31,289.15,308.15,550000.0,1600000,1600000,550000.0,281.15,358.15,313.15,281.15,1480,1625,395,395,0.9,25.0,6,5,488,1.31,303.15,353.15,1000000,4500000,4500000,1000000,298.15,418.15,358.15,298.15,1490,1710,650,650,0.9,25.0,6,0,9.7859375,0.6436288679546543,6.298511875,5.969166666666666,0.6119323747033366,3.6527263333333333
131,70.037,113.52,189.13813527585262,87.779,3.337309988400028,80.0,55.0,0.1166206399311714,0.1166206399311714,5,488,1.31,289.15,308.15,550000.0,1600000,1600000,550000.0,281.15,358.15,313.15,281.15,1480,1625,395,395,0.9,25.0,6,5,488,1.31,303.15,353.15,1000000,4500000,4500000,1000000,298.15,418.15,358.15,298.15,1490,1710,650,650,0.9,25.0,6,0,9.7859375,0.6436288679546543,6.298511875,5.969166666666666,0.6119323747033366,3.6527263333333333
132,70.037,113.52,189.13813527585262,79.052,3.146762167898189,80.0,55.0,0.1926920619285957,0.1926920619285957,5,488,1.31,289.15,308.15,550000.0,1600000,1600000,550000.0,281.15,358.15,313.15,281.15,1480,1625,395,395,0.9,25.0,6,5,488,1.31,303.15,353.15,1000000,4500000,4500000,1000000,298.15,418.15,358.15,298.15,1490,1710,650,650,0.9,25.0,6,0,9.7859375,0.6436288679546543,6.298511875,5.969166666666666,0.6119323747033366,3.6527263333333333
133,70.037,113.52,189.13813527585262,68.2665,3.098987165487714,80.0,55.0,0.141162661797735,0.141162661797735,5,488,1.31,289.15,308.15,550000.0,1600000,1600000,550000.0,281.15,358.15,313.15,281.15,1480,1625,395,395,0.9,25.0,6,5,488,1.31,303.15,353.15,1000000,4500000,4500000,1000000,298.15,418.15,358.15,298.15,1490,1710,650,650,0.9,25.0,6,0,9.7859375,0.6436288679546543,6.298511875,5.969166666666666,0.6119323747033366,3.6527263333333333
134,70.037,113.52,189.13813527585262,71.61,3.1361747927528687,80.0,55.0,0.0338544908337155,0.0338544908337155,5,488,1.31,289.15,308.15,550000.0,1600000,1600000,550000.0,281.15,358.15,313.15,281.15,1480,1625,395,395,0.9,25.0,6,5,488,1.31,303.15,353.15,1000000,4500000,4500000,1000000,298.15,418.15,358.15,298.15,1490,1710,650,650,0.9,25.0,6,0,9.7859375,0.6436288679546543,6.298511875,5.969166666666666,0.6119323747033366,3.6527263333333333
135,70.037,119.14,189.13813527585262,83.8105,3.185140994101184,80.0,55.0,0.0,0.0,5,488,1.31,289.15,308.15,550000.0,1600000,1600000,550000.0,281.15,358.15,313.15,281.15,1480,1625,395,395,0.9,25.0,6,5,488,1.31,303.15,353.15,1000000,4500000,4500000,1000000,298.15,418.15,358.15,298.15,1490,1710,650,650,0.9,25.0,6,0,9.7859375,0.6436288679546543,6.298511875,5.969166666666666,0.6119323747033366,3.6527263333333333
136,70.037,147.22,189.13813527585262,97.569,3.287608954903479,80.0,55.0,0.0,0.0,5,488,1.31,289.15,308.15,550000.0,1600000,1600000,550000.0,281.15,358.15,313.15,281.15,1480,1625,395,395,0.9,25.0,6,5,488,1.31,303.15,353.15,1000000,4500000,4500000,1000000,298.15,418.15,358.15,298.15,1490,1710,650,650,0.9,25.0,6,0,9.7859375,0.6436288679546543,6.298511875,5.969166666666666,0.6119323747033366,3.6527263333333333
137,70.037,153.4,189.13813527585262,105.67099999999999,3.569903748844632,80.0,55.0,0.0,0.0,5,488,1.31,289.15,308.15,550000.0,1600000,1600000,550000.0,281.15,358.15,313.15,281.15,1480,1625,395,395,0.9,25.0,6,5,488,1.31,303.15,353.15,1000000,4500000,4500000,1000000,298.15,418.15,358.15,298.15,1490,1710,650,650,0.9,25.0,6,0,9.7859375,0.6436288679546543,6.298511875,5.969166666666666,0.6119323747033366,3.6527263333333333
138,70.037,153.4,189.13813527585262,108.177,4.044793373013147,80.0,55.0,0.0,0.0,5,488,1.31,289.15,308.15,550000.0,1600000,1600000,550000.0,281.15,358.15,313.15,281.15,1480,1625,395,395,0.9,25.0,6,5,488,1.31,303.15,353.15,1000000,4500000,4500000,1000000,298.15,418.15,358.15,298.15,1490,1710,650,650,0.9,25.0,6,0,9.7859375,0.6436288679546543,6.298511875,5.969166666666666,0.6119323747033366,3.6527263333333333
139,70.037,153.4,189.13813527585262,109.81949999999999,4.087907471427858,80.0,55.0,0.0,0.0,5,488,1.31,289.15,308.15,550000.0,1600000,1600000,550000.0,281.15,358.15,313.15,281.15,1480,1625,395,395,0.9,25.0,6,5,488,1.31,303.15,353.15,1000000,4500000,4500000,1000000,298.15,418.15,358.15,298.15,1490,1710,650,650,0.9,25.0,6,0,9.7859375,0.6436288679546543,6.298511875,5.969166666666666,0.6119323747033366,3.6527263333333333
140,70.037,147.22,189.13813527585262,108.8905,4.195991593699581,80.0,55.0,0.0,0.0,5,488,1.31,289.15,308.15,550000.0,1600000,1600000,550000.0,281.15,358.15,313.15,281.15,1480,1625,395,395,0.9,25.0,6,5,488,1.31,303.15,353.15,1000000,4500000,4500000,1000000,298.15,418.15,358.15,298.15,1490,1710,650,650,0.9,25.0,6,0,9.7859375,0.6436288679546543,6.298511875,5.969166666666666,0.6119323747033366,3.6527263333333333
141,70.037,133.18,189.13813527585262,107.30850000000001,4.0863379645155,80.0,55.0,0.0,0.0,5,488,1.31,289.15,308.15,550000.0,1600000,1600000,550000.0,281.15,358.15,313.15,281.15,1480,1625,395,395,0.9,25.0,6,5,488,1.31,303.15,353.15,1000000,4500000,4500000,1000000,298.15,418.15,358.15,298.15,1490,1710,650,650,0.9,25.0,6,0,9.7859375,0.6436288679546543,6.298511875,5.969166666666666,0.6119323747033366,3.6527263333333333
142,70.037,125.27,189.13813527585262,111.8585,3.8069241711665107,80.0,55.0,0.0,0.0,5,488,1.31,289.15,308.15,550000.0,1600000,1600000,550000.0,281.15,358.15,313.15,281.15,1480,1625,395,395,0.9,25.0,6,5,488,1.31,303.15,353.15,1000000,4500000,4500000,1000000,298.15,418.15,358.15,298.15,1490,1710,650,650,0.9,25.0,6,0,9.7859375,0.6436288679546543,6.298511875,5.969166666666666,0.6119323747033366,3.6527263333333333
143,70.037,127.15,189.13813527585262,103.218,3.378984046073698,80.0,55.0,0.0,0.0,5,488,1.31,289.15,308.15,550000.0,1600000,1600000,550000.0,281.15,358.15,313.15,281.15,1480,1625,395,395,0.9,25.0,6,5,488,1.31,303.15,353.15,1000000,4500000,4500000,1000000,298.15,418.15,358.15,298.15,1490,1710,650,650,0.9,25.0,6,0,9.7859375,0.6436288679546543,6.298511875,5.969166666666666,0.6119323747033366,3.6527263333333333
144,70.037,124.78,189.13813527585262,104.7065,2.866254411101642,80.0,55.0,0.0,0.0,5,488,1.31,289.15,308.15,550000.0,1600000,1600000,550000.0,281.15,358.15,313.15,281.15,1480,1625,395,395,0.9,25.0,6,5,488,1.31,303.15,353.15,1000000,4500000,4500000,1000000,298.15,418.15,358.15,298.15,1490,1710,650,650,0.9,25.0,6,0,9.7859375,0.6436288679546543,6.298511875,5.969166666666666,0.6119323747033366,3.6527263333333333
145,70.037,114.12,189.13813527585262,104.1905,2.463584803640704,80.0,55.0,0.0,0.0,5,488,1.31,289.15,308.15,550000.0,1600000,1600000,550000.0,281.15,358.15,313.15,281.15,1480,1625,395,395,0.9,25.0,6,5,488,1.31,303.15,353.15,1000000,4500000,4500000,1000000,298.15,418.15,358.15,298.15,1490,1710,650,650,0.9,25.0,6,0,9.7859375,0.6436288679546543,6.298511875,5.969166666666666,0.6119323747033366,3.6527263333333333
146,70.037,113.79,189.13813527585262,104.261,2.459646920159855,80.0,55.0,0.0,0.0,5,488,1.31,289.15,308.15,550000.0,1600000,1600000,550000.0,281.15,358.15,313.15,281.15,1480,1625,395,395,0.9,25.0,6,5,488,1.31,303.15,353.15,1000000,4500000,4500000,1000000,298.15,418.15,358.15,298.15,1490,1710,650,650,0.9,25.0,6,0,9.7859375,0.6436288679546543,6.298511875,5.969166666666666,0.6119323747033366,3.6527263333333333
147,70.037,113.79,189.13813527585262,103.581,2.2393436112441814,80.0,55.0,0.0,0.0,5,488,1.31,289.15,308.15,550000.0,1600000,1600000,550000.0,281.15,358.15,313.15,281.15,1480,1625,395,395,0.9,25.0,6,5,488,1.31,303.15,353.15,1000000,4500000,4500000,1000000,298.15,418.15,358.15,298.15,1490,1710,650,650,0.9,25.0,6,0,9.7859375,0.6436288679546543,6.298511875,5.969166666666666,0.6119323747033366,3.6527263333333333
148,70.037,111.79,189.13813527585262,104.261,2.362988026802893,80.0,55.0,0.0,0.0,5,488,1.31,289.15,308.15,550000.0,1600000,1600000,550000.0,281.15,358.15,313.15,281.15,1480,1625,395,395,0.9,25.0,6,5,488,1.31,303.15,353.15,1000000,4500000,4500000,1000000,298.15,418.15,358.15,298.15,1490,1710,650,650,0.9,25.0,6,0,9.7859375,0.6436288679546543,6.298511875,5.969166666666666,0.6119323747033366,3.6527263333333333
149,70.037,111.78,189.13813527585262,106.8915,2.2584249765541604,80.0,55.0,0.0,0.0,5,488,1.31,289.15,308.15,550000.0,1600000,1600000,550000.0,281.15,358.15,313.15,281.15,1480,1625,395,395,0.9,25.0,6,5,488,1.31,303.15,353.15,1000000,4500000,4500000,1000000,298.15,418.15,358.15,298.15,1490,1710,650,650,0.9,25.0,6,0,9.7859375,0.6436288679546543,6.298511875,5.969166666666666,0.6119323747033366,3.6527263333333333
150,70.037,111.78,189.13813527585262,112.905,2.2364929006339427,80.0,55.0,0.0,0.0,5,488,1.31,289.15,308.15,550000.0,1600000,1600000,550000.0,281.15,358.15,313.15,281.15,1480,1625,395,395,0.9,25.0,6,5,488,1.31,303.15,353.15,1000000,4500000,4500000,1000000,298.15,418.15,358.15,298.15,1490,1710,650,650,0.9,25.0,6,0,9.7859375,0.6436288679546543,6.298511875,5.969166666666666,0.6119323747033366,3.6527263333333333
151,70.037,111.78,189.13813527585262,119.9285,2.5116350422442517,80.0,55.0,0.0,0.0,5,488,1.31,289.15,308.15,550000.0,1600000,1600000,550000.0,281.15,358.15,313.15,281.15,1480,1625,395,395,0.9,25.0,6,5,488,1.31,303.15,353.15,1000000,4500000,4500000,1000000,298.15,418.15,358.15,298.15,1490,1710,650,650,0.9,25.0,6,0,9.7859375,0.6436288679546543,6.298511875,5.969166666666666,0.6119323747033366,3.6527263333333333
152,70.037,111.78,189.13813527585262,113.7025,2.6209353470673253,80.0,55.0,0.0,0.0,5,488,1.31,289.15,308.15,550000.0,1600000,1600000,550000.0,281.15,358.15,313.15,281.15,1480,1625,395,395,0.9,25.0,6,5,488,1.31,303.15,353.15,1000000,4500000,4500000,1000000,298.15,418.15,358.15,298.15,1490,1710,650,650,0.9,25.0,6,0,9.7859375,0.6436288679546543,6.298511875,5.969166666666666,0.6119323747033366,3.6527263333333333
153,70.037,111.78,189.13813527585262,117.119,2.9092043527567713,80.0,55.0,0.0076051983279904,0.0076051983279904,5,488,1.31,289.15,308.15,550000.0,1600000,1600000,550000.0,281.15,358.15,313.15,281.15,1480,1625,395,395,0.9,25.0,6,5,488,1.31,303.15,353.15,1000000,4500000,4500000,1000000,298.15,418.15,358.15,298.15,1490,1710,650,650,0.9,25.0,6,0,9.7859375,0.6436288679546543,6.298511875,5.969166666666666,0.6119323747033366,3.6527263333333333
154,70.037,111.78,189.13813527585262,119.3355,3.113387303501378,80.0,55.0,0.1451959060718635,0.1451959060718635,5,488,1.31,289.15,308.15,550000.0,1600000,1600000,550000.0,281.15,358.15,313.15,281.15,1480,1625,395,395,0.9,25.0,6,5,488,1.31,303.15,353.15,1000000,4500000,4500000,1000000,298.15,418.15,358.15,298.15,1490,1710,650,650,0.9,25.0,6,0,9.7859375,0.6436288679546543,6.298511875,5.969166666666666,0.6119323747033366,3.6527263333333333
155,70.037,109.96,189.13813527585262,106.386,3.2215733603877967,80.0,55.0,0.2082454508380741,0.2082454508380741,5,488,1.31,289.15,308.15,550000.0,1600000,1600000,550000.0,281.15,358.15,313.15,281.15,1480,1625,395,395,0.9,25.0,6,5,488,1.31,303.15,353.15,1000000,4500000,4500000,1000000,298.15,418.15,358.15,298.15,1490,1710,650,650,0.9,25.0,6,0,9.7859375,0.6436288679546543,6.298511875,5.969166666666666,0.6119323747033366,3.6527263333333333
156,70.037,109.96,189.13813527585262,97.62049999999999,3.1797821017358956,80.0,55.0,0.0053814559243099,0.0053814559243099,5,488,1.31,289.15,308.15,550000.0,1600000,1600000,550000.0,281.15,358.15,313.15,281.15,1480,1625,395,395,0.9,25.0,6,5,488,1.31,303.15,353.15,1000000,4500000,4500000,1000000,298.15,418.15,358.15,298.15,1490,1710,650,650,0.9,25.0,6,0,9.7859375,0.6436288679546543,6.298511875,5.969166666666666,0.6119323747033366,3.6527263333333333
157,70.037,109.96,189.13813527585262,88.84750000000001,3.0880073710701716,80.0,55.0,0.3547560142864618,0.3547560142864618,5,488,1.31,289.15,308.15,550000.0,1600000,1600000,550000.0,281.15,358.15,313.15,281.15,1480,1625,395,395,0.9,25.0,6,5,488,1.31,303.15,353.15,1000000,4500000,4500000,1000000,298.15,418.15,358.15,298.15,1490,1710,650,650,0.9,25.0,6,0,9.7859375,0.6436288679546543,6.298511875,5.969166666666666,0.6119323747033366,3.6527263333333333
158,70.037,109.96,189.13813527585262,89.1235,3.030071429025923,80.0,55.0,0.0069084594525654,0.0069084594525654,5,488,1.31,289.15,308.15,550000.0,1600000,1600000,550000.0,281.15,358.15,313.15,281.15,1480,1625,395,395,0.9,25.0,6,5,488,1.31,303.15,353.15,1000000,4500000,4500000,1000000,298.15,418.15,358.15,298.15,1490,1710,650,650,0.9,25.0,6,0,9.7859375,0.6436288679546543,6.298511875,5.969166666666666,0.6119323747033366,3.6527263333333333
159,70.037,111.78,189.13813527585262,88.4885,2.988673868819036,80.0,55.0,0.0,0.0,5,488,1.31,289.15,308.15,550000.0,1600000,1600000,550000.0,281.15,358.15,313.15,281.15,1480,1625,395,395,0.9,25.0,6,5,488,1.31,303.15,353.15,1000000,4500000,4500000,1000000,298.15,418.15,358.15,298.15,1490,1710,650,650,0.9,25.0,6,0,9.7859375,0.6436288679546543,6.298511875,5.969166666666666,0.6119323747033366,3.6527263333333333
160,70.037,128.57,189.13813527585262,92.68299999999999,2.9666760603246725,80.0,55.0,0.0121215393265896,0.0121215393265896,5,488,1.31,289.15,308.15,550000.0,1600000,1600000,550000.0,281.15,358.15,313.15,281.15,1480,1625,395,395,0.9,25.0,6,5,488,1.31,303.15,353.15,1000000,4500000,4500000,1000000,298.15,418.15,358.15,298.15,1490,1710,650,650,0.9,25.0,6,0,9.7859375,0.6436288679546543,6.298511875,5.969166666666666,0.6119323747033366,3.6527263333333333
161,70.037,153.67,189.13813527585262,95.5035,2.962121978492895,80.0,55.0,0.0,0.0,5,488,1.31,289.15,308.15,550000.0,1600000,1600000,550000.0,281.15,358.15,313.15,281.15,1480,1625,395,395,0.9,25.0,6,5,488,1.31,303.15,353.15,1000000,4500000,4500000,1000000,298.15,418.15,358.15,298.15,1490,1710,650,650,0.9,25.0,6,0,9.7859375,0.6436288679546543,6.298511875,5.969166666666666,0.6119323747033366,3.6527263333333333
162,70.037,153.67,189.13813527585262,95.429,3.1121221619099515,80.0,55.0,0.0,0.0,5,488,1.31,289.15,308.15,550000.0,1600000,1600000,550000.0,281.15,358.15,313.15,281.15,1480,1625,395,395,0.9,25.0,6,5,488,1.31,303.15,353.15,1000000,4500000,4500000,1000000,298.15,418.15,358.15,298.15,1490,1710,650,650,0.9,25.0,6,0,9.7859375,0.6436288679546543,6.298511875,5.969166666666666,0.6119323747033366,3.6527263333333333
163,70.037,153.67,189.13813527585262,106.44500000000001,3.2764595036549435,80.0,55.0,0.0,0.0,5,488,1.31,289.15,308.15,550000.0,1600000,1600000,550000.0,281.15,358.15,313.15,281.15,1480,1625,395,395,0.9,25.0,6,5,488,1.31,303.15,353.15,1000000,4500000,4500000,1000000,298.15,418.15,358.15,298.15,1490,1710,650,650,0.9,25.0,6,0,9.7859375,0.6436288679546543,6.298511875,5.969166666666666,0.6119323747033366,3.6527263333333333
164,70.037,153.67,189.13813527585262,103.1095,3.223126291927473,80.0,55.0,0.0,0.0,5,488,1.31,289.15,308.15,550000.0,1600000,1600000,550000.0,281.15,358.15,313.15,281.15,1480,1625,395,395,0.9,25.0,6,5,488,1.31,303.15,353.15,1000000,4500000,4500000,1000000,298.15,418.15,358.15,298.15,1490,1710,650,650,0.9,25.0,6,0,9.7859375,0.6436288679546543,6.298511875,5.969166666666666,0.6119323747033366,3.6527263333333333
165,70.037,147.22,189.13813527585262,100.9715,3.039898253691113,80.0,55.0,0.0,0.0,5,488,1.31,289.15,308.15,550000.0,1600000,1600000,550000.0,281.15,358.15,313.15,281.15,1480,1625,395,395,0.9,25.0,6,5,488,1.31,303.15,353.15,1000000,4500000,4500000,1000000,298.15,418.15,358.15,298.15,1490,1710,650,650,0.9,25.0,6,0,9.7859375,0.6436288679546543,6.298511875,5.969166666666666,0.6119323747033366,3.6527263333333333
166,70.037,133.32,189.13813527585262,97.591,2.6719817999005366,80.0,55.0,0.0,0.0,5,488,1.31,289.15,308.15,550000.0,1600000,1600000,550000.0,281.15,358.15,313.15,281.15,1480,1625,395,395,0.9,25.0,6,5,488,1.31,303.15,353.15,1000000,4500000,4500000,1000000,298.15,418.15,358.15,298.15,1490,1710,650,650,0.9,25.0,6,0,9.7859375,0.6436288679546543,6.298511875,5.969166666666666,0.6119323747033366,3.6527263333333333
167,70.037,127.89,189.13813527585262,106.977,2.4189795524851623,80.0,55.0,0.0,0.0,5,488,1.31,289.15,308.15,550000.0,1600000,1600000,550000.0,281.15,358.15,313.15,281.15,1480,1625,395,395,0.9,25.0,6,5,488,1.31,303.15,353.15,1000000,4500000,4500000,1000000,298.15,418.15,358.15,298.15,1490,1710,650,650,0.9,25.0,6,0,9.7859375,0.6436288679546543,6.298511875,5.969166666666666,0.6119323747033366,3.6527263333333333
168,70.037,124.92,189.13813527585262,114.5165,2.0136718429000116,80.0,55.0,0.0,0.0,5,488,1.31,289.15,308.15,550000.0,1600000,1600000,550000.0,281.15,358.15,313.15,281.15,1480,1625,395,395,0.9,25.0,6,5,488,1.31,303.15,353.15,1000000,4500000,4500000,1000000,298.15,418.15,358.15,298.15,1490,1710,650,650,0.9,25.0,6,0,9.7859375,0.6436288679546543,6.298511875,5.969166666666666,0.6119323747033366,3.6527263333333333
